stage,trial,latent,branch,r_field,n_delays,hidden,cnn_channels,kernel_size,gru_hidden,gru_layers,activation,dropout,weight_decay,sensor_noise,lr,band_hz,ensemble,lambda_field,seed,axis,n_params,size_proxy,nmse_train,nmse_val,cos_val,nmse_test,nmse_fullband,epochs_run,best_epoch,stopped_early,seconds
screen,0,pod,linear,16,1,"(32, 32)","(16, 32)",5,32,1,tanh,0.0,0.0,0.0,0.003,,1,0.0,0,n_delays,208,192,0.8407706793533761,0.8900947958381407,0.3404140063557571,nan,nan,1356,1220,1,49.27241778373718
screen,1,ae,linear,16,1,"(32, 32)","(16, 32)",5,32,1,tanh,0.0,0.0,0.0,0.003,,1,0.0,0,n_delays,208,192,0.8431523965797533,0.8986234171971254,0.3422459657760921,nan,nan,320,123,1,216.11904668807983
screen,2,pod,linear,2,25,"(32, 32)","(16, 32)",5,32,1,tanh,0.0,0.0,0.0,0.003,,1,0.0,0,r_field,602,600,0.736106824276313,0.7602971911048988,0.4952718311108229,nan,nan,542,342,1,14.813280820846558
screen,3,ae,linear,2,25,"(32, 32)","(16, 32)",5,32,1,tanh,0.0,0.0,0.0,0.003,,1,0.0,0,r_field,602,600,0.7123104555327089,0.7382591836420582,0.5186403044711291,nan,nan,244,44,1,94.04236173629761
screen,4,pod,gru,16,25,"(32, 32)","(16, 32)",5,8,1,tanh,0.0,0.0,0.0,0.003,,1,0.0,0,gru_hidden,672,608,0.7370738949062177,0.8035945044644294,0.44887573164347616,nan,nan,676,476,1,27.560678005218506
screen,5,pod,linear,16,5,"(32, 32)","(16, 32)",5,32,1,tanh,0.0,0.0,0.0,0.003,,1,0.0,0,n_delays,976,960,0.742856874630124,0.7719238415870561,0.48214241138808833,nan,nan,905,736,1,19.77356743812561
screen,6,ae,linear,16,5,"(32, 32)","(16, 32)",5,32,1,tanh,0.0,0.0,0.0,0.003,,1,0.0,0,n_delays,976,960,0.7253315532231215,0.7619137068725149,0.4970943374604271,nan,nan,330,130,1,10.104072570800781
screen,7,pod,linear,4,25,"(32, 32)","(16, 32)",5,32,1,tanh,0.0,0.0,0.0,0.003,,1,0.0,0,r_field,1204,1200,0.7207567942692586,0.7457666032340897,0.5099901107592837,nan,nan,593,393,1,15.79261040687561
screen,8,ae,linear,4,25,"(32, 32)","(16, 32)",5,32,1,tanh,0.0,0.0,0.0,0.003,,1,0.0,0,r_field,1204,1200,0.7024510461352469,0.7328829415529997,0.5230509390780277,nan,nan,287,87,1,114.32137823104858
screen,9,pod,gru,16,25,"(32, 32)","(16, 32)",5,16,1,tanh,0.0,0.0,0.0,0.003,,1,0.0,0,gru_hidden,1712,1600,0.7348174781901895,0.8014791934546771,0.4517062419081213,nan,nan,421,221,1,17.630566835403442
screen,10,pod,cnn,16,25,"(32, 32)","(4,)",5,32,1,tanh,0.0,0.0,0.0,0.003,,1,0.0,0,cnn_channels,1860,1840,0.703906203718215,0.7548817510402626,0.49987697776664586,nan,nan,493,295,1,19.86862087249756
screen,11,pod,linear,16,10,"(32, 32)","(16, 32)",5,32,1,tanh,0.0,0.0,0.0,0.003,,1,0.0,0,n_delays,1936,1920,0.7156187942104323,0.7410585151503081,0.5138719184699803,nan,nan,870,828,1,19.006314516067505
screen,12,pod,mlp,16,1,"(32, 32)","(16, 32)",5,32,1,tanh,0.0,0.0,0.0,0.003,,1,0.0,0,n_delays,2000,1920,0.8275651281334173,0.9039449851485083,0.32012499697609254,nan,nan,290,90,1,11.024411678314209
screen,13,ae,linear,16,10,"(32, 32)","(16, 32)",5,32,1,tanh,0.0,0.0,0.0,0.003,,1,0.0,0,n_delays,1936,1920,0.7017139599992934,0.7382451984152815,0.5200686043392528,nan,nan,287,87,1,9.449297666549683
screen,14,ae,mlp,16,1,"(32, 32)","(16, 32)",5,32,1,tanh,0.0,0.0,0.0,0.003,,1,0.0,0,n_delays,2000,1920,0.8303114113977423,0.9080607901188031,0.34463319632133577,nan,nan,226,26,1,9.821802139282227
screen,15,pod,linear,8,25,"(32, 32)","(16, 32)",5,32,1,tanh,0.0,0.0,0.0,0.003,,1,0.0,0,r_field,2408,2400,0.7111220670518287,0.739394558891538,0.5154204906350435,nan,nan,609,607,1,16.059046745300293
screen,16,ae,linear,8,25,"(32, 32)","(16, 32)",5,32,1,tanh,0.0,0.0,0.0,0.003,,1,0.0,0,r_field,2408,2400,0.6890922365950685,0.7330964908402896,0.5241234017810816,nan,nan,287,87,1,155.538560628891
screen,17,pod,mlp,16,25,"(8,)","(16, 32)",5,32,1,tanh,0.0,0.0,0.0,0.003,,1,0.0,0,hidden,2552,2528,0.7195870596567072,0.7687505699552808,0.48590289154184885,nan,nan,656,472,1,17.804471731185913
screen,18,ae,mlp,16,25,"(8,)","(16, 32)",5,32,1,tanh,0.0,0.0,0.0,0.003,,1,0.0,0,hidden,2552,2528,0.6907400408668077,0.733487979952488,0.5257096579416771,nan,nan,348,148,1,11.686553478240967
screen,19,pod,mlp,16,5,"(32, 32)","(16, 32)",5,32,1,tanh,0.0,0.0,0.0,0.003,,1,0.0,0,n_delays,3536,3456,0.7200102454395778,0.7904178953855502,0.46362873112675945,nan,nan,329,129,1,12.157031536102295
screen,20,ae,mlp,16,5,"(32, 32)","(16, 32)",5,32,1,tanh,0.0,0.0,0.0,0.003,,1,0.0,0,n_delays,3536,3456,0.7177718493123098,0.7746367037520935,0.4886077453560496,nan,nan,222,22,1,9.795644283294678
screen,21,pod,cnn,16,25,"(32, 32)","(8,)",5,32,1,tanh,0.0,0.0,0.0,0.003,,1,0.0,0,cnn_channels,3704,3680,0.7008490233901971,0.7569647001919444,0.4980266255194764,nan,nan,308,108,1,11.298630475997925
screen,22,pod,cnn,16,1,"(32, 32)","(16, 32)",5,32,1,tanh,0.0,0.0,0.0,0.003,,1,0.0,0,n_delays,4096,4032,0.8239214724608728,0.9004583073847182,0.3289126414403544,nan,nan,329,129,1,14.689062118530273
screen,23,pod,gru,2,25,"(32, 32)","(16, 32)",5,32,1,tanh,0.0,0.0,0.0,0.003,,1,0.0,0,r_field,4482,4288,0.7332318813156545,0.809444427540071,0.4431706831724671,nan,nan,335,135,1,15.070397853851318
screen,24,pod,gru,4,25,"(32, 32)","(16, 32)",5,32,1,tanh,0.0,0.0,0.0,0.003,,1,0.0,0,r_field,4548,4352,0.7162967580561759,0.7949649056450414,0.45913935011744467,nan,nan,340,143,1,15.035829067230225
screen,25,pod,gru,8,25,"(32, 32)","(16, 32)",5,32,1,tanh,0.0,0.0,0.0,0.003,,1,0.0,0,r_field,4680,4480,0.7169487052870345,0.7906856930737374,0.46316373346773865,nan,nan,354,154,1,15.474808931350708
screen,26,pod,gru,16,25,"(32, 32)","(16, 32)",5,32,1,tanh,0.0,0.0,0.0,0.003,,1,0.0,0,r_field,4944,4736,0.6991149187896655,0.7895877749105262,0.46657503530605227,nan,nan,367,167,1,16.002100467681885
screen,27,pod,gru,16,1,"(32, 32)","(16, 32)",5,32,1,tanh,0.0,0.0,0.0,0.003,,1,0.0,0,n_delays,4944,4736,0.828484493183758,0.8890941667391811,0.34204182036400466,nan,nan,330,130,1,14.447668552398682
screen,28,pod,gru,16,5,"(32, 32)","(16, 32)",5,32,1,tanh,0.0,0.0,0.0,0.003,,1,0.0,0,n_delays,4944,4736,0.7229173157226835,0.7974516038598685,0.45626969955932606,nan,nan,324,124,1,14.392709255218506
screen,29,pod,gru,16,10,"(32, 32)","(16, 32)",5,32,1,tanh,0.0,0.0,0.0,0.003,,1,0.0,0,n_delays,4944,4736,0.6948798526423244,0.7782756432315491,0.4776225109367365,nan,nan,362,162,1,15.629030704498291
screen,31,pod,gru,16,50,"(32, 32)","(16, 32)",5,32,1,tanh,0.0,0.0,0.0,0.003,,1,0.0,0,n_delays,4944,4736,0.699696006361215,0.7913373971845002,0.4641226927180529,nan,nan,360,160,1,15.739225387573242
screen,32,pod,gru,16,100,"(32, 32)","(16, 32)",5,32,1,tanh,0.0,0.0,0.0,0.003,,1,0.0,0,n_delays,4944,4736,0.7073485433898562,0.7921074713626182,0.4612805992378514,nan,nan,328,128,1,14.92693281173706
screen,36,pod,gru,16,25,"(32, 32)","(16, 32)",5,32,1,tanh,0.1,0.0,0.0,0.003,,1,0.0,0,dropout,4944,4736,0.6991149187896655,0.7895877749105262,0.46657503530605227,nan,nan,367,167,1,15.90111494064331
screen,37,pod,gru,16,25,"(32, 32)","(16, 32)",5,32,1,tanh,0.25,0.0,0.0,0.003,,1,0.0,0,dropout,4944,4736,0.6991149187896655,0.7895877749105262,0.46657503530605227,nan,nan,367,167,1,15.807291984558105
screen,38,pod,gru,16,25,"(32, 32)","(16, 32)",5,32,1,tanh,0.5,0.0,0.0,0.003,,1,0.0,0,dropout,4944,4736,0.6991149187896655,0.7895877749105262,0.46657503530605227,nan,nan,367,167,1,15.770237445831299
screen,40,pod,gru,16,25,"(32, 32)","(16, 32)",5,32,1,tanh,0.0,1e-06,0.0,0.003,,1,0.0,0,weight_decay,4944,4736,0.6902349790497271,0.787365603335435,0.46920297604014777,nan,nan,490,301,1,20.441773176193237
screen,41,pod,gru,16,25,"(32, 32)","(16, 32)",5,32,1,tanh,0.0,1e-05,0.0,0.003,,1,0.0,0,weight_decay,4944,4736,0.7056587317913318,0.7866199018909972,0.46712126376731355,nan,nan,342,142,1,15.042409181594849
screen,42,pod,gru,16,25,"(32, 32)","(16, 32)",5,32,1,tanh,0.0,0.0001,0.0,0.003,,1,0.0,0,weight_decay,4944,4736,0.7273159504732694,0.790466834793489,0.46400658928171273,nan,nan,342,142,1,15.06202507019043
screen,43,pod,gru,16,25,"(32, 32)","(16, 32)",5,32,1,tanh,0.0,0.001,0.0,0.003,,1,0.0,0,weight_decay,4944,4736,0.8537996474630589,0.8715091167135728,0.45287830405413954,nan,nan,323,123,1,14.479851484298706
screen,44,pod,gru,16,25,"(32, 32)","(16, 32)",5,32,1,tanh,0.0,0.01,0.0,0.003,,1,0.0,0,weight_decay,4944,4736,0.9997774881588408,1.004692071583643,0.09686544658533021,nan,nan,201,1,1,10.40418529510498
screen,45,pod,gru,16,25,"(32, 32)","(16, 32)",5,32,1,tanh,0.0,0.1,0.0,0.003,,1,0.0,0,weight_decay,4944,4736,1.0000330402571211,1.0049159511312749,-0.0453078394467125,nan,nan,201,3,1,10.466253757476807
screen,47,pod,gru,16,25,"(32, 32)","(16, 32)",5,32,1,tanh,0.0,0.0,0.05,0.003,,1,0.0,0,sensor_noise,4944,4736,0.6974921733917496,0.7789853653674919,0.4767206923328085,nan,nan,353,153,1,15.852435827255249
screen,48,pod,gru,16,25,"(32, 32)","(16, 32)",5,32,1,tanh,0.0,0.0,0.1,0.003,,1,0.0,0,sensor_noise,4944,4736,0.7023333464074988,0.7966717285137486,0.45695094456920726,nan,nan,341,141,1,15.087465047836304
screen,49,pod,gru,16,25,"(32, 32)","(16, 32)",5,32,1,tanh,0.0,0.0,0.25,0.003,,1,0.0,0,sensor_noise,4944,4736,0.7029223662323542,0.7777993482518157,0.4772934847694132,nan,nan,330,130,1,14.717335224151611
screen,50,pod,gru,16,25,"(32, 32)","(16, 32)",5,32,1,tanh,0.0,0.0,0.5,0.003,,1,0.0,0,sensor_noise,4944,4736,0.7022361910293571,0.7972011860094149,0.45661563707345826,nan,nan,353,153,1,15.482782125473022
screen,51,pod,gru,16,25,"(32, 32)","(16, 32)",5,32,1,tanh,0.0,0.0,1.0,0.003,,1,0.0,0,sensor_noise,4944,4736,0.7235583376507101,0.7854349931032376,0.4685063004936526,nan,nan,343,143,1,15.150349140167236
screen,52,pod,gru,16,25,"(32, 32)","(16, 32)",5,32,1,tanh,0.0,0.0,0.0,0.0003,,1,0.0,0,lr,4944,4736,0.7379782815360703,0.794157545959998,0.4588394090134711,nan,nan,2000,1998,0,67.6253981590271
screen,53,pod,gru,16,25,"(32, 32)","(16, 32)",5,32,1,tanh,0.0,0.0,0.0,0.001,,1,0.0,0,lr,4944,4736,0.7013824326922772,0.7956457791045892,0.4610306725723241,nan,nan,621,421,1,24.03823447227478
screen,55,pod,gru,16,25,"(32, 32)","(16, 32)",5,32,1,tanh,0.0,0.0,0.0,0.01,,1,0.0,0,lr,4944,4736,0.7061794485562299,0.7732008735718321,0.48116559810668696,nan,nan,244,44,1,12.094501972198486
screen,56,pod,gru,16,25,"(32, 32)","(16, 32)",5,32,1,tanh,0.0,0.0,0.0,0.03,,1,0.0,0,lr,4944,4736,0.7469814017172197,0.7892227941680965,0.46556010844415885,nan,nan,221,21,1,11.344741582870483
screen,62,pod,linear,16,25,"(32, 32)","(16, 32)",5,32,1,tanh,0.0,0.0,0.0,0.003,,1,0.0,0,r_field,4816,4800,0.7026282953259873,0.7368720561505446,0.5172829634361445,nan,nan,593,393,1,14.21935772895813
screen,65,pod,linear,16,25,"(32, 32)","(16, 32)",5,32,1,tanh,0.0,1e-06,0.0,0.003,,1,0.0,0,weight_decay,4816,4800,0.7031145007149077,0.7370197910935515,0.5172452921612064,nan,nan,593,393,1,13.990728378295898
screen,66,pod,linear,16,25,"(32, 32)","(16, 32)",5,32,1,tanh,0.0,1e-05,0.0,0.003,,1,0.0,0,weight_decay,4816,4800,0.7091143716964349,0.7410717372241821,0.5144437110483944,nan,nan,592,584,1,13.898478269577026
screen,67,pod,linear,16,25,"(32, 32)","(16, 32)",5,32,1,tanh,0.0,0.0001,0.0,0.003,,1,0.0,0,weight_decay,4816,4800,0.7411022169239144,0.7718731847647432,0.4924332393992818,nan,nan,513,327,1,12.650861024856567
screen,68,pod,linear,16,25,"(32, 32)","(16, 32)",5,32,1,tanh,0.0,0.001,0.0,0.003,,1,0.0,0,weight_decay,4816,4800,0.8403334202238731,0.8653191064383997,0.4139610049468873,nan,nan,289,125,1,8.789600849151611
screen,69,pod,linear,16,25,"(32, 32)","(16, 32)",5,32,1,tanh,0.0,0.01,0.0,0.003,,1,0.0,0,weight_decay,4816,4800,0.9528458688786617,0.9622788460876782,0.3435947797864915,nan,nan,221,24,1,7.875068426132202
screen,70,pod,linear,16,25,"(32, 32)","(16, 32)",5,32,1,tanh,0.0,0.1,0.0,0.003,,1,0.0,0,weight_decay,4816,4800,0.9936294501974804,0.9989401019365854,0.3293597812342634,nan,nan,202,8,1,7.545095682144165
screen,72,pod,linear,16,25,"(32, 32)","(16, 32)",5,32,1,tanh,0.0,0.0,0.05,0.003,,1,0.0,0,sensor_noise,4816,4800,0.7015770587807668,0.7363232795784151,0.5177586688551892,nan,nan,613,413,1,15.025909185409546
screen,73,pod,linear,16,25,"(32, 32)","(16, 32)",5,32,1,tanh,0.0,0.0,0.1,0.003,,1,0.0,0,sensor_noise,4816,4800,0.7012163737917531,0.7359707105389934,0.5181410236967794,nan,nan,646,446,1,15.52311897277832
screen,74,pod,linear,16,25,"(32, 32)","(16, 32)",5,32,1,tanh,0.0,0.0,0.25,0.003,,1,0.0,0,sensor_noise,4816,4800,0.7055195893723459,0.7388898167047329,0.515781545999995,nan,nan,534,334,1,13.50622034072876
screen,75,pod,linear,16,25,"(32, 32)","(16, 32)",5,32,1,tanh,0.0,0.0,0.5,0.003,,1,0.0,0,sensor_noise,4816,4800,0.7129176397524044,0.7445161233822082,0.5117063376239931,nan,nan,585,570,1,14.530250072479248
screen,76,pod,linear,16,25,"(32, 32)","(16, 32)",5,32,1,tanh,0.0,0.0,1.0,0.003,,1,0.0,0,sensor_noise,4816,4800,0.7294641466241267,0.7600554836591796,0.5009010385790065,nan,nan,507,311,1,13.068801403045654
screen,77,pod,linear,16,25,"(32, 32)","(16, 32)",5,32,1,tanh,0.0,0.0,0.0,0.0003,,1,0.0,0,lr,4816,4800,0.7113036562339868,0.7439381685228798,0.5109561608665074,nan,nan,1891,1891,1,36.12524127960205
screen,78,pod,linear,16,25,"(32, 32)","(16, 32)",5,32,1,tanh,0.0,0.0,0.0,0.001,,1,0.0,0,lr,4816,4800,0.7051935790137117,0.7385762200726121,0.5157583210907376,nan,nan,1009,828,1,21.23952555656433
screen,80,pod,linear,16,25,"(32, 32)","(16, 32)",5,32,1,tanh,0.0,0.0,0.0,0.01,,1,0.0,0,lr,4816,4800,0.6970919136087459,0.7340899875537278,0.5197964307428853,nan,nan,475,319,1,12.151100873947144
screen,81,pod,linear,16,25,"(32, 32)","(16, 32)",5,32,1,tanh,0.0,0.0,0.0,0.03,,1,0.0,0,lr,4816,4800,0.6979107244850978,0.7346405998953562,0.5192777398949722,nan,nan,287,87,1,8.906643152236938
screen,87,ae,linear,16,25,"(32, 32)","(16, 32)",5,32,1,tanh,0.0,0.0,0.0,0.003,,1,0.0,0,r_field,4816,4800,0.6892822556087299,0.7356397796563316,0.5216459083058679,nan,nan,287,87,1,9.167811870574951
screen,90,ae,linear,16,25,"(32, 32)","(16, 32)",5,32,1,tanh,0.0,1e-06,0.0,0.003,,1,0.0,0,weight_decay,4816,4800,0.689282562421111,0.7356394061917485,0.521646106568766,nan,nan,287,87,1,9.511234521865845
screen,91,ae,linear,16,25,"(32, 32)","(16, 32)",5,32,1,tanh,0.0,1e-05,0.0,0.003,,1,0.0,0,weight_decay,4816,4800,0.6892853181921171,0.7356360659078535,0.5216478648789709,nan,nan,287,87,1,9.484697103500366
screen,92,ae,linear,16,25,"(32, 32)","(16, 32)",5,32,1,tanh,0.0,0.0001,0.0,0.003,,1,0.0,0,weight_decay,4816,4800,0.6893134790505631,0.735603518662594,0.5216647992344321,nan,nan,287,87,1,9.530420303344727
screen,93,ae,linear,16,25,"(32, 32)","(16, 32)",5,32,1,tanh,0.0,0.001,0.0,0.003,,1,0.0,0,weight_decay,4816,4800,0.689644055350546,0.7353539702517653,0.5217713799863913,nan,nan,287,87,1,9.5330810546875
screen,94,ae,linear,16,25,"(32, 32)","(16, 32)",5,32,1,tanh,0.0,0.01,0.0,0.003,,1,0.0,0,weight_decay,4816,4800,0.6940054154877017,0.7358279253333447,0.5204414381959114,nan,nan,287,87,1,9.616162061691284
screen,95,ae,linear,16,25,"(32, 32)","(16, 32)",5,32,1,tanh,0.0,0.1,0.0,0.003,,1,0.0,0,weight_decay,4816,4800,0.7120052197397317,0.7452466203811969,0.5123216777021438,nan,nan,287,87,1,9.51749873161316
screen,97,ae,linear,16,25,"(32, 32)","(16, 32)",5,32,1,tanh,0.0,0.0,0.05,0.003,,1,0.0,0,sensor_noise,4816,4800,0.687575722607366,0.7339953686026919,0.5232596331146422,nan,nan,317,117,1,9.991647720336914
screen,98,ae,linear,16,25,"(32, 32)","(16, 32)",5,32,1,tanh,0.0,0.0,0.1,0.003,,1,0.0,0,sensor_noise,4816,4800,0.6888037740525761,0.7341524513123565,0.5230007816300606,nan,nan,317,117,1,10.102388143539429
screen,99,ae,linear,16,25,"(32, 32)","(16, 32)",5,32,1,tanh,0.0,0.0,0.25,0.003,,1,0.0,0,sensor_noise,4816,4800,0.6964236830242492,0.7365836761321148,0.5206200052083529,nan,nan,309,109,1,9.963192462921143
screen,100,ae,linear,16,25,"(32, 32)","(16, 32)",5,32,1,tanh,0.0,0.0,0.5,0.003,,1,0.0,0,sensor_noise,4816,4800,0.7075266193491972,0.745148714816783,0.5129239238829969,nan,nan,269,69,1,9.151740789413452
screen,101,ae,linear,16,25,"(32, 32)","(16, 32)",5,32,1,tanh,0.0,0.0,1.0,0.003,,1,0.0,0,sensor_noise,4816,4800,0.7285709373635207,0.7669819610940852,0.4944201215380802,nan,nan,269,69,1,9.190514326095581
screen,102,ae,linear,16,25,"(32, 32)","(16, 32)",5,32,1,tanh,0.0,0.0,0.0,0.0003,,1,0.0,0,lr,4816,4800,0.6942770358392323,0.7357109419202985,0.5208336243629712,nan,nan,409,209,1,11.327417373657227
screen,103,ae,linear,16,25,"(32, 32)","(16, 32)",5,32,1,tanh,0.0,0.0,0.0,0.001,,1,0.0,0,lr,4816,4800,0.6939421675128018,0.7387264041509425,0.5185628046239427,nan,nan,287,87,1,9.262879371643066
screen,105,ae,linear,16,25,"(32, 32)","(16, 32)",5,32,1,tanh,0.0,0.0,0.0,0.01,,1,0.0,0,lr,4816,4800,0.6861799225536112,0.7342189793095883,0.5232037860019504,nan,nan,287,87,1,9.215590715408325
screen,106,ae,linear,16,25,"(32, 32)","(16, 32)",5,32,1,tanh,0.0,0.0,0.0,0.03,,1,0.0,0,lr,4816,4800,0.6850230780900008,0.7378710734048667,0.5201684164874101,nan,nan,287,87,1,9.300546884536743
screen,112,pod,mlp,16,25,"(16,)","(16, 32)",5,32,1,tanh,0.0,0.0,0.0,0.003,,1,0.0,0,hidden,5088,5056,0.7003146504797146,0.754173367509332,0.5011496461949747,nan,nan,511,328,1,14.569750308990479
screen,113,ae,mlp,16,25,"(16,)","(16, 32)",5,32,1,tanh,0.0,0.0,0.0,0.003,,1,0.0,0,hidden,5088,5056,0.6803150251148355,0.7344127781028946,0.5246687955809733,nan,nan,274,74,1,10.123672246932983
screen,114,pod,cnn,2,25,"(32, 32)","(16, 32)",5,32,1,tanh,0.0,0.0,0.0,0.003,,1,0.0,0,r_field,5170,5120,0.7229598045576117,0.7941553667259159,0.45895510999346933,nan,nan,231,31,1,10.306756019592285
screen,115,pod,gru,32,25,"(32, 32)","(16, 32)",5,32,1,tanh,0.0,0.0,0.0,0.003,,1,0.0,0,r_field,5472,5248,0.6975965785162417,0.7901141073878292,0.46566627804093524,nan,nan,385,185,1,18.348894119262695
screen,116,pod,mlp,16,25,"(16, 16)","(16, 32)",5,32,1,tanh,0.0,0.0,0.0,0.003,,1,0.0,0,hidden,5360,5312,0.71119972471527,0.7702711916420338,0.4856295785434103,nan,nan,461,261,1,15.038920164108276
screen,117,ae,mlp,16,25,"(16, 16)","(16, 32)",5,32,1,tanh,0.0,0.0,0.0,0.003,,1,0.0,0,hidden,5360,5312,0.6977601628885294,0.7456587933824737,0.5149956109357591,nan,nan,220,20,1,9.663319826126099
screen,118,pod,mlp,16,10,"(32, 32)","(16, 32)",5,32,1,tanh,0.0,0.0,0.0,0.003,,1,0.0,0,n_delays,5456,5376,0.6917324733219977,0.7605694516613931,0.4962729171183381,nan,nan,378,178,1,13.145294666290283
screen,119,ae,mlp,16,10,"(32, 32)","(16, 32)",5,32,1,tanh,0.0,0.0,0.0,0.003,,1,0.0,0,n_delays,5456,5376,0.6952032492933371,0.741655111596182,0.5184062338381276,nan,nan,219,19,1,9.615644693374634
screen,120,pod,cnn,16,5,"(32, 32)","(16, 32)",5,32,1,tanh,0.0,0.0,0.0,0.003,,1,0.0,0,n_delays,6144,6080,0.7314699372631743,0.7838007231753643,0.470971330453481,nan,nan,232,32,1,10.251449346542358
screen,121,pod,gru,64,25,"(32, 32)","(16, 32)",5,32,1,tanh,0.0,0.0,0.0,0.003,,1,0.0,0,r_field,6528,6272,0.690690259281441,0.7903105979688295,0.4661230114117625,nan,nan,391,191,1,19.124234914779663
screen,122,pod,cnn,4,25,"(32, 32)","(16, 32)",5,32,1,tanh,0.0,0.0,0.0,0.003,,1,0.0,0,r_field,6772,6720,0.725033733451621,0.7768129743702784,0.4783275207196711,nan,nan,215,15,1,9.825531482696533
screen,123,pod,cnn,16,25,"(32, 32)","(16,)",5,32,1,tanh,0.0,0.0,0.0,0.003,,1,0.0,0,cnn_channels,7392,7360,0.6954936444681259,0.7594084420501037,0.4949428357655728,nan,nan,258,58,1,9.90209150314331
screen,124,pod,cnn,16,25,"(32, 32)","(8, 16)",5,32,1,tanh,0.0,0.0,0.0,0.003,,1,0.0,0,cnn_channels,7560,7520,0.7020158517294506,0.7760728714113334,0.47821919734991825,nan,nan,244,44,1,10.705534219741821
screen,125,pod,gru,128,25,"(32, 32)","(16, 32)",5,32,1,tanh,0.0,0.0,0.0,0.003,,1,0.0,0,r_field,8640,8320,0.7036485688329135,0.784089135341285,0.47068675116162595,nan,nan,352,152,1,19.347787141799927
screen,126,pod,cnn,16,10,"(32, 32)","(16, 32)",5,32,1,tanh,0.0,0.0,0.0,0.003,,1,0.0,0,n_delays,8704,8640,0.7007833126668247,0.7676738866369466,0.4878182650037795,nan,nan,231,31,1,10.246286392211914
screen,127,pod,gru,16,25,"(32, 32)","(16, 32)",5,32,2,tanh,0.0,0.0,0.0,0.003,,1,0.0,0,gru_layers,11280,8960,0.7089831750018668,0.7965029280425465,0.45794299687223466,nan,nan,295,95,1,15.476727724075317
screen,128,pod,linear,32,25,"(32, 32)","(16, 32)",5,32,1,tanh,0.0,0.0,0.0,0.003,,1,0.0,0,r_field,9632,9600,0.6999447274070479,0.739185553116077,0.5150227693889969,nan,nan,592,588,1,14.091942071914673
screen,129,pod,linear,16,50,"(32, 32)","(16, 32)",5,32,1,tanh,0.0,0.0,0.0,0.003,,1,0.0,0,n_delays,9616,9600,0.6950442509214676,0.7482820977089857,0.5057316683032093,nan,nan,555,355,1,13.193786144256592
screen,130,ae,linear,32,25,"(32, 32)","(16, 32)",5,32,1,tanh,0.0,0.0,0.0,0.003,,1,0.0,0,r_field,9632,9600,0.6908430712516223,0.7420838913052888,0.5174153266174947,nan,nan,287,87,1,274.68192982673645
screen,131,ae,linear,16,50,"(32, 32)","(16, 32)",5,32,1,tanh,0.0,0.0,0.0,0.003,,1,0.0,0,n_delays,9616,9600,0.6797553719813898,0.750314370218622,0.5093826489938523,nan,nan,287,87,1,9.030004024505615
screen,132,pod,cnn,8,25,"(32, 32)","(16, 32)",5,32,1,tanh,0.0,0.0,0.0,0.003,,1,0.0,0,r_field,9976,9920,0.696895000754099,0.7750032021116021,0.47946081532107504,nan,nan,227,27,1,10.064481496810913
screen,133,pod,mlp,16,25,"(32,)","(16, 32)",5,32,1,tanh,0.0,0.0,0.0,0.003,,1,0.0,0,hidden,10160,10112,0.6804433522831749,0.7483150531034642,0.5078026693616399,nan,nan,436,236,1,12.903902292251587
screen,134,ae,mlp,16,25,"(32,)","(16, 32)",5,32,1,tanh,0.0,0.0,0.0,0.003,,1,0.0,0,hidden,10160,10112,0.7119340387958054,0.7527055075203165,0.5061245894446224,nan,nan,205,5,1,8.438352823257446
screen,135,pod,mlp,2,25,"(32, 32)","(16, 32)",5,32,1,tanh,0.0,0.0,0.0,0.003,,1,0.0,0,r_field,10754,10688,0.7253396151305674,0.7911710867769203,0.46241100027933946,nan,nan,335,135,1,11.813098192214966
screen,136,ae,mlp,2,25,"(32, 32)","(16, 32)",5,32,1,tanh,0.0,0.0,0.0,0.003,,1,0.0,0,r_field,10754,10688,0.7124678303878342,0.7617328258783532,0.4962671161243151,nan,nan,207,7,1,9.304329872131348
screen,137,pod,mlp,4,25,"(32, 32)","(16, 32)",5,32,1,tanh,0.0,0.0,0.0,0.003,,1,0.0,0,r_field,10820,10752,0.7023274488046759,0.7751816809543894,0.4816317987371643,nan,nan,352,152,1,12.401320219039917
screen,138,ae,mlp,4,25,"(32, 32)","(16, 32)",5,32,1,tanh,0.0,0.0,0.0,0.003,,1,0.0,0,r_field,10820,10752,0.7026083915613314,0.7386127021190919,0.5173775603990343,nan,nan,207,7,1,9.323636531829834
screen,139,pod,mlp,8,25,"(32, 32)","(16, 32)",5,32,1,tanh,0.0,0.0,0.0,0.003,,1,0.0,0,r_field,10952,10880,0.7040560617258552,0.7735839526496269,0.4820837097231731,nan,nan,333,133,1,11.988621711730957
screen,140,ae,mlp,8,25,"(32, 32)","(16, 32)",5,32,1,tanh,0.0,0.0,0.0,0.003,,1,0.0,0,r_field,10952,10880,0.7037421056031488,0.7539194125357225,0.5054976158087776,nan,nan,206,6,1,9.337301969528198
screen,141,pod,mlp,16,25,"(32, 32)","(16, 32)",5,32,1,tanh,0.0,0.0,0.0,0.003,,1,0.0,0,r_field,11216,11136,0.6967550793967064,0.7631010189979104,0.4935603746313424,nan,nan,340,140,1,12.180182456970215
screen,145,pod,mlp,16,25,"(32, 32)","(16, 32)",5,32,1,relu,0.0,0.0,0.0,0.003,,1,0.0,0,activation,11216,11136,0.6971707059714524,0.7391947300846118,0.5152885212108288,nan,nan,227,27,1,10.078303098678589
screen,146,pod,mlp,16,25,"(32, 32)","(16, 32)",5,32,1,gelu,0.0,0.0,0.0,0.003,,1,0.0,0,activation,11216,11136,0.6870153568712559,0.7354028039570967,0.5187740889681911,nan,nan,241,41,1,9.946131706237793
screen,148,pod,mlp,16,25,"(32, 32)","(16, 32)",5,32,1,tanh,0.1,0.0,0.0,0.003,,1,0.0,0,dropout,11216,11136,0.6898995756852341,0.7547557566009955,0.5016391038217185,nan,nan,398,198,1,14.309988260269165
screen,149,pod,mlp,16,25,"(32, 32)","(16, 32)",5,32,1,tanh,0.25,0.0,0.0,0.003,,1,0.0,0,dropout,11216,11136,0.7007454384995119,0.7487543745530514,0.5070595004163383,nan,nan,422,222,1,14.808931112289429
screen,150,pod,mlp,16,25,"(32, 32)","(16, 32)",5,32,1,tanh,0.5,0.0,0.0,0.003,,1,0.0,0,dropout,11216,11136,0.7224802819376054,0.7606367164035858,0.4941979214713855,nan,nan,462,262,1,15.92256784439087
screen,152,pod,mlp,16,25,"(32, 32)","(16, 32)",5,32,1,tanh,0.0,1e-06,0.0,0.003,,1,0.0,0,weight_decay,11216,11136,0.688554371837803,0.7646563506734707,0.4924935801933725,nan,nan,357,157,1,12.918076753616333
screen,153,pod,mlp,16,25,"(32, 32)","(16, 32)",5,32,1,tanh,0.0,1e-05,0.0,0.003,,1,0.0,0,weight_decay,11216,11136,0.6916618594378665,0.7599461525912319,0.49620636780250904,nan,nan,349,149,1,12.578423738479614
screen,154,pod,mlp,16,25,"(32, 32)","(16, 32)",5,32,1,tanh,0.0,0.0001,0.0,0.003,,1,0.0,0,weight_decay,11216,11136,0.7127499506813177,0.7658590876865886,0.49152985834716195,nan,nan,413,213,1,14.209085464477539
screen,155,pod,mlp,16,25,"(32, 32)","(16, 32)",5,32,1,tanh,0.0,0.001,0.0,0.003,,1,0.0,0,weight_decay,11216,11136,0.841240594058542,0.8561098917270804,0.4724368694778317,nan,nan,372,172,1,13.132951021194458
screen,156,pod,mlp,16,25,"(32, 32)","(16, 32)",5,32,1,tanh,0.0,0.01,0.0,0.003,,1,0.0,0,weight_decay,11216,11136,0.9992277978872989,1.0040989387467125,0.29506521719659073,nan,nan,201,1,1,9.07233214378357
screen,157,pod,mlp,16,25,"(32, 32)","(16, 32)",5,32,1,tanh,0.0,0.1,0.0,0.003,,1,0.0,0,weight_decay,11216,11136,0.9999345283964224,1.0047498981942755,0.19666059642953923,nan,nan,201,1,1,9.143715858459473
screen,159,pod,mlp,16,25,"(32, 32)","(16, 32)",5,32,1,tanh,0.0,0.0,0.05,0.003,,1,0.0,0,sensor_noise,11216,11136,0.6906639064158278,0.7677328827085148,0.4887804582329149,nan,nan,349,149,1,12.80037808418274
screen,160,pod,mlp,16,25,"(32, 32)","(16, 32)",5,32,1,tanh,0.0,0.0,0.1,0.003,,1,0.0,0,sensor_noise,11216,11136,0.6889554620460637,0.767736142146064,0.4889871870945734,nan,nan,363,163,1,13.205078363418579
screen,161,pod,mlp,16,25,"(32, 32)","(16, 32)",5,32,1,tanh,0.0,0.0,0.25,0.003,,1,0.0,0,sensor_noise,11216,11136,0.6993212774105763,0.7694441427860969,0.4867083897058094,nan,nan,354,154,1,13.003431558609009
screen,162,pod,mlp,16,25,"(32, 32)","(16, 32)",5,32,1,tanh,0.0,0.0,0.5,0.003,,1,0.0,0,sensor_noise,11216,11136,0.7148701766853289,0.7736744507508589,0.4823017253387689,nan,nan,337,137,1,12.507812023162842
screen,163,pod,mlp,16,25,"(32, 32)","(16, 32)",5,32,1,tanh,0.0,0.0,1.0,0.003,,1,0.0,0,sensor_noise,11216,11136,0.7278812557246838,0.7816964237895786,0.4740821746374715,nan,nan,410,220,1,14.276520252227783
screen,164,pod,mlp,16,25,"(32, 32)","(16, 32)",5,32,1,tanh,0.0,0.0,0.0,0.0003,,1,0.0,0,lr,11216,11136,0.7053616110709969,0.7734981724162818,0.48215011374457845,nan,nan,1166,994,1,31.929020643234253
screen,165,pod,mlp,16,25,"(32, 32)","(16, 32)",5,32,1,tanh,0.0,0.0,0.0,0.001,,1,0.0,0,lr,11216,11136,0.6978989506385482,0.7710113318691868,0.4850889314524271,nan,nan,533,333,1,16.71324634552002
screen,167,pod,mlp,16,25,"(32, 32)","(16, 32)",5,32,1,tanh,0.0,0.0,0.0,0.01,,1,0.0,0,lr,11216,11136,0.7108727603718259,0.7694960381432288,0.4863257260460777,nan,nan,253,53,1,10.168952226638794
screen,168,pod,mlp,16,25,"(32, 32)","(16, 32)",5,32,1,tanh,0.0,0.0,0.0,0.03,,1,0.0,0,lr,11216,11136,0.7250567424720561,0.7777225422304552,0.47711959522922603,nan,nan,236,36,1,9.750230073928833
screen,174,ae,mlp,16,25,"(32, 32)","(16, 32)",5,32,1,tanh,0.0,0.0,0.0,0.003,,1,0.0,0,r_field,11216,11136,0.7067419244973802,0.7575313811123587,0.5025349309456821,nan,nan,206,6,1,9.107722043991089
screen,178,ae,mlp,16,25,"(32, 32)","(16, 32)",5,32,1,relu,0.0,0.0,0.0,0.003,,1,0.0,0,activation,11216,11136,0.6953830366354486,0.7543900025865192,0.5074048497270304,nan,nan,208,8,1,9.158276796340942
screen,179,ae,mlp,16,25,"(32, 32)","(16, 32)",5,32,1,gelu,0.0,0.0,0.0,0.003,,1,0.0,0,activation,11216,11136,0.7048637619400454,0.7682611656607993,0.49411371836446527,nan,nan,206,6,1,9.172389030456543
screen,181,ae,mlp,16,25,"(32, 32)","(16, 32)",5,32,1,tanh,0.1,0.0,0.0,0.003,,1,0.0,0,dropout,11216,11136,0.6797583852041906,0.7409502836125876,0.5187412644665245,nan,nan,231,31,1,10.117844581604004
screen,182,ae,mlp,16,25,"(32, 32)","(16, 32)",5,32,1,tanh,0.25,0.0,0.0,0.003,,1,0.0,0,dropout,11216,11136,0.6806348485355891,0.7342295584310434,0.5236314976869803,nan,nan,268,68,1,11.024348258972168
screen,183,ae,mlp,16,25,"(32, 32)","(16, 32)",5,32,1,tanh,0.5,0.0,0.0,0.003,,1,0.0,0,dropout,11216,11136,0.7115249576424438,0.7486742026759202,0.5100550468964233,nan,nan,358,158,1,13.351554155349731
screen,185,ae,mlp,16,25,"(32, 32)","(16, 32)",5,32,1,tanh,0.0,1e-06,0.0,0.003,,1,0.0,0,weight_decay,11216,11136,0.706742514623377,0.7575302969548917,0.5025355256034251,nan,nan,206,6,1,9.196251153945923
screen,186,ae,mlp,16,25,"(32, 32)","(16, 32)",5,32,1,tanh,0.0,1e-05,0.0,0.003,,1,0.0,0,weight_decay,11216,11136,0.7067480061600458,0.7575209968915523,0.5025404607120814,nan,nan,206,6,1,9.290079116821289
screen,187,ae,mlp,16,25,"(32, 32)","(16, 32)",5,32,1,tanh,0.0,0.0001,0.0,0.003,,1,0.0,0,weight_decay,11216,11136,0.7068035434475025,0.7574241812655663,0.5025938212948762,nan,nan,206,6,1,9.229771614074707
screen,188,ae,mlp,16,25,"(32, 32)","(16, 32)",5,32,1,tanh,0.0,0.001,0.0,0.003,,1,0.0,0,weight_decay,11216,11136,0.70766320259931,0.7565810174097066,0.5030586077789461,nan,nan,206,6,1,9.291069984436035
screen,189,ae,mlp,16,25,"(32, 32)","(16, 32)",5,32,1,tanh,0.0,0.01,0.0,0.003,,1,0.0,0,weight_decay,11216,11136,0.6998586226045398,0.7372589658362091,0.5205213421928118,nan,nan,270,70,1,10.982900381088257
screen,190,ae,mlp,16,25,"(32, 32)","(16, 32)",5,32,1,tanh,0.0,0.1,0.0,0.003,,1,0.0,0,weight_decay,11216,11136,0.7624935277015823,0.7962286937541256,0.4659326511430828,nan,nan,226,26,1,9.85075306892395
screen,192,ae,mlp,16,25,"(32, 32)","(16, 32)",5,32,1,tanh,0.0,0.0,0.05,0.003,,1,0.0,0,sensor_noise,11216,11136,0.7122827933256827,0.7579368528101756,0.5019232814780917,nan,nan,205,5,1,9.59747314453125
screen,193,ae,mlp,16,25,"(32, 32)","(16, 32)",5,32,1,tanh,0.0,0.0,0.1,0.003,,1,0.0,0,sensor_noise,11216,11136,0.7125613653496168,0.7579228785235207,0.5019062109382718,nan,nan,205,5,1,9.49755334854126
screen,194,ae,mlp,16,25,"(32, 32)","(16, 32)",5,32,1,tanh,0.0,0.0,0.25,0.003,,1,0.0,0,sensor_noise,11216,11136,0.7093239446099708,0.7543331204021202,0.5050372895026929,nan,nan,206,6,1,9.530009269714355
screen,195,ae,mlp,16,25,"(32, 32)","(16, 32)",5,32,1,tanh,0.0,0.0,0.5,0.003,,1,0.0,0,sensor_noise,11216,11136,0.7147132303364446,0.7627670230788886,0.49715276185856627,nan,nan,206,6,1,9.511348962783813
screen,196,ae,mlp,16,25,"(32, 32)","(16, 32)",5,32,1,tanh,0.0,0.0,1.0,0.003,,1,0.0,0,sensor_noise,11216,11136,0.7277541837515655,0.7742687455928945,0.4852244056309885,nan,nan,207,7,1,9.665006875991821
screen,197,ae,mlp,16,25,"(32, 32)","(16, 32)",5,32,1,tanh,0.0,0.0,0.0,0.0003,,1,0.0,0,lr,11216,11136,0.6940986362948949,0.736534057036116,0.5216139774898234,nan,nan,253,53,1,10.579026222229004
screen,198,ae,mlp,16,25,"(32, 32)","(16, 32)",5,32,1,tanh,0.0,0.0,0.0,0.001,,1,0.0,0,lr,11216,11136,0.7002084136611604,0.7414969507877146,0.5171221938608036,nan,nan,215,15,1,9.467580795288086
screen,200,ae,mlp,16,25,"(32, 32)","(16, 32)",5,32,1,tanh,0.0,0.0,0.0,0.01,,1,0.0,0,lr,11216,11136,0.7111629811905446,0.782805893749766,0.4804648357035027,nan,nan,206,6,1,9.319716930389404
screen,201,ae,mlp,16,25,"(32, 32)","(16, 32)",5,32,1,tanh,0.0,0.0,0.0,0.03,,1,0.0,0,lr,11216,11136,0.7419831894770474,0.8001580821017569,0.46165380692086594,nan,nan,205,5,1,9.16350269317627
screen,207,pod,mlp,32,25,"(32, 32)","(16, 32)",5,32,1,tanh,0.0,0.0,0.0,0.003,,1,0.0,0,r_field,11744,11648,0.6870774871174092,0.7613816342121599,0.4961971789197207,nan,nan,351,177,1,12.308812141418457
screen,208,ae,mlp,32,25,"(32, 32)","(16, 32)",5,32,1,tanh,0.0,0.0,0.0,0.003,,1,0.0,0,r_field,11744,11648,0.7037998201050305,0.747987735021775,0.5133689559590832,nan,nan,209,9,1,9.413115739822388
screen,209,pod,mlp,64,25,"(32, 32)","(16, 32)",5,32,1,tanh,0.0,0.0,0.0,0.003,,1,0.0,0,r_field,12800,12672,0.6861614234342516,0.7701585746487486,0.4877559615443405,nan,nan,359,159,1,12.670490741729736
screen,210,ae,mlp,64,25,"(32, 32)","(16, 32)",5,32,1,tanh,0.0,0.0,0.0,0.003,,1,0.0,0,r_field,12800,12672,0.6966360105387307,0.7661645683717972,0.5132693359574,nan,nan,219,19,1,534.295312166214
screen,211,pod,mlp,128,25,"(32, 32)","(16, 32)",5,32,1,tanh,0.0,0.0,0.0,0.003,,1,0.0,0,r_field,14912,14720,0.6889428477943227,0.771477363406077,0.4849684130389204,nan,nan,347,147,1,12.38578176498413
screen,212,ae,mlp,128,25,"(32, 32)","(16, 32)",5,32,1,tanh,0.0,0.0,0.0,0.003,,1,0.0,0,r_field,14912,14720,0.711086405068424,0.766565952528154,0.5158008104811308,nan,nan,214,14,1,696.3265771865845
screen,213,pod,cnn,16,25,"(32, 32)","(16, 32)",3,32,1,tanh,0.0,0.0,0.0,0.003,,1,0.0,0,kernel_size,14976,14912,0.6855506433948049,0.7533347164369388,0.5010959871058467,nan,nan,232,32,1,10.21889352798462
screen,214,pod,gru,16,25,"(32, 32)","(16, 32)",5,64,1,tanh,0.0,0.0,0.0,0.003,,1,0.0,0,gru_hidden,16016,15616,0.7071163675789369,0.7838283986742293,0.47008100875753245,nan,nan,261,61,1,12.269484758377075
screen,215,pod,cnn,16,25,"(32, 32)","(16, 32)",5,32,1,tanh,0.0,0.0,0.0,0.003,,1,0.0,0,r_field,16384,16320,0.6988028177749531,0.7589948008442641,0.4957869937940857,nan,nan,219,19,1,9.751439332962036
screen,220,pod,cnn,16,25,"(32, 32)","(16, 32)",5,32,1,relu,0.0,0.0,0.0,0.003,,1,0.0,0,activation,16384,16320,0.6965572176661752,0.7503726083190373,0.5047190475517327,nan,nan,214,14,1,9.68420934677124
screen,221,pod,cnn,16,25,"(32, 32)","(16, 32)",5,32,1,gelu,0.0,0.0,0.0,0.003,,1,0.0,0,activation,16384,16320,0.7054705859670444,0.7475160205306962,0.5069182385439571,nan,nan,209,9,1,9.522979021072388
screen,223,pod,cnn,16,25,"(32, 32)","(16, 32)",5,32,1,tanh,0.1,0.0,0.0,0.003,,1,0.0,0,dropout,16384,16320,0.6988028173760313,0.758994801083133,0.49578699347952915,nan,nan,219,19,1,9.769092082977295
screen,224,pod,cnn,16,25,"(32, 32)","(16, 32)",5,32,1,tanh,0.25,0.0,0.0,0.003,,1,0.0,0,dropout,16384,16320,0.6988028161175409,0.758994801064671,0.49578699356179046,nan,nan,219,19,1,9.952882051467896
screen,225,pod,cnn,16,25,"(32, 32)","(16, 32)",5,32,1,tanh,0.5,0.0,0.0,0.003,,1,0.0,0,dropout,16384,16320,0.6988028165544642,0.7589947956497106,0.4957869990267235,nan,nan,219,19,1,9.80446457862854
screen,227,pod,cnn,16,25,"(32, 32)","(16, 32)",5,32,1,tanh,0.0,1e-06,0.0,0.003,,1,0.0,0,weight_decay,16384,16320,0.6988598499650807,0.7589585553821934,0.49582334505115055,nan,nan,219,19,1,9.839889764785767
screen,228,pod,cnn,16,25,"(32, 32)","(16, 32)",5,32,1,tanh,0.0,1e-05,0.0,0.003,,1,0.0,0,weight_decay,16384,16320,0.6994242432812373,0.7586517309047612,0.4961264515423851,nan,nan,219,21,1,9.853777885437012
screen,229,pod,cnn,16,25,"(32, 32)","(16, 32)",5,32,1,tanh,0.0,0.0001,0.0,0.003,,1,0.0,0,weight_decay,16384,16320,0.6830133550114486,0.7573663164891715,0.4970465636528627,nan,nan,232,32,1,10.252230405807495
screen,230,pod,cnn,16,25,"(32, 32)","(16, 32)",5,32,1,tanh,0.0,0.001,0.0,0.003,,1,0.0,0,weight_decay,16384,16320,0.7208212829771865,0.772440713581096,0.48474614643714803,nan,nan,253,53,1,10.919419527053833
screen,231,pod,cnn,16,25,"(32, 32)","(16, 32)",5,32,1,tanh,0.0,0.01,0.0,0.003,,1,0.0,0,weight_decay,16384,16320,0.8129074513636793,0.8300422557162851,0.47145569211938976,nan,nan,224,24,1,10.079212665557861
screen,232,pod,cnn,16,25,"(32, 32)","(16, 32)",5,32,1,tanh,0.0,0.1,0.0,0.003,,1,0.0,0,weight_decay,16384,16320,0.9999444485964568,1.004781562198743,0.22567741076232767,nan,nan,201,1,1,9.521494388580322
screen,234,pod,cnn,16,25,"(32, 32)","(16, 32)",5,32,1,tanh,0.0,0.0,0.05,0.003,,1,0.0,0,sensor_noise,16384,16320,0.6929679626345144,0.7587993453605204,0.49583699288122235,nan,nan,221,21,1,10.136959552764893
screen,235,pod,cnn,16,25,"(32, 32)","(16, 32)",5,32,1,tanh,0.0,0.0,0.1,0.003,,1,0.0,0,sensor_noise,16384,16320,0.6859251764238966,0.7550656302385657,0.4994993654958997,nan,nan,225,25,1,10.100038051605225
screen,236,pod,cnn,16,25,"(32, 32)","(16, 32)",5,32,1,tanh,0.0,0.0,0.25,0.003,,1,0.0,0,sensor_noise,16384,16320,0.6839691647464052,0.7647795176163849,0.48957278456010384,nan,nan,229,29,1,10.153984069824219
screen,237,pod,cnn,16,25,"(32, 32)","(16, 32)",5,32,1,tanh,0.0,0.0,0.5,0.003,,1,0.0,0,sensor_noise,16384,16320,0.7114384679998501,0.7611982354715275,0.49448870407129475,nan,nan,217,17,1,9.832386255264282
screen,238,pod,cnn,16,25,"(32, 32)","(16, 32)",5,32,1,tanh,0.0,0.0,1.0,0.003,,1,0.0,0,sensor_noise,16384,16320,0.7127520545492989,0.768341857197028,0.48668387532485086,nan,nan,226,26,1,10.085334062576294
screen,239,pod,cnn,16,25,"(32, 32)","(16, 32)",5,32,1,tanh,0.0,0.0,0.0,0.0003,,1,0.0,0,lr,16384,16320,0.6982311371922734,0.7584593853893932,0.49621492462897226,nan,nan,355,155,1,13.363367080688477
screen,240,pod,cnn,16,25,"(32, 32)","(16, 32)",5,32,1,tanh,0.0,0.0,0.0,0.001,,1,0.0,0,lr,16384,16320,0.688634517882349,0.7604246536105624,0.49409097862476675,nan,nan,262,62,1,10.803421974182129
screen,242,pod,cnn,16,25,"(32, 32)","(16, 32)",5,32,1,tanh,0.0,0.0,0.0,0.01,,1,0.0,0,lr,16384,16320,0.690677003648644,0.7594840036415407,0.4953290145928886,nan,nan,209,9,1,9.464709997177124
screen,243,pod,cnn,16,25,"(32, 32)","(16, 32)",5,32,1,tanh,0.0,0.0,0.0,0.03,,1,0.0,0,lr,16384,16320,0.7150718542555072,0.781091960291357,0.4730858169604386,nan,nan,203,3,1,9.29390811920166
screen,249,pod,cnn,16,25,"(32, 32)","(16, 32)",9,32,1,tanh,0.0,0.0,0.0,0.003,,1,0.0,0,kernel_size,19200,19136,0.6813277889314167,0.7558539692503896,0.4997541541929718,nan,nan,221,21,1,10.451794385910034
screen,250,pod,linear,64,25,"(32, 32)","(16, 32)",5,32,1,tanh,0.0,0.0,0.0,0.003,,1,0.0,0,r_field,19264,19200,0.6970516180235271,0.7419721696623823,0.5121316716600905,nan,nan,542,521,1,13.066772222518921
screen,251,pod,linear,16,100,"(32, 32)","(16, 32)",5,32,1,tanh,0.0,0.0,0.0,0.003,,1,0.0,0,n_delays,19216,19200,0.6835032720789681,0.7650291828659341,0.4893145094408246,nan,nan,479,279,1,12.152206420898438
screen,252,ae,linear,64,25,"(32, 32)","(16, 32)",5,32,1,tanh,0.0,0.0,0.0,0.003,,1,0.0,0,r_field,19264,19200,0.6955763443912422,0.7540872756507382,0.5141850808377088,nan,nan,287,87,1,9.082009315490723
screen,253,ae,linear,16,100,"(32, 32)","(16, 32)",5,32,1,tanh,0.0,0.0,0.0,0.003,,1,0.0,0,n_delays,19216,19200,0.6636057512874215,0.7764627784730689,0.48808817336271837,nan,nan,278,78,1,9.212353706359863
screen,254,pod,mlp,16,50,"(32, 32)","(16, 32)",5,32,1,tanh,0.0,0.0,0.0,0.003,,1,0.0,0,n_delays,20816,20736,0.6923606297986754,0.7811158623292913,0.47564347347585756,nan,nan,342,142,1,12.204378604888916
screen,255,ae,mlp,16,50,"(32, 32)","(16, 32)",5,32,1,tanh,0.0,0.0,0.0,0.003,,1,0.0,0,n_delays,20816,20736,0.7111608639036239,0.7716079553088362,0.48851316994696026,nan,nan,205,5,1,9.283049583435059
screen,256,pod,cnn,16,25,"(32, 32)","(16, 32)",15,32,1,tanh,0.0,0.0,0.0,0.003,,1,0.0,0,kernel_size,23424,23360,0.6911805116624644,0.7585475562218006,0.4972376248058269,nan,nan,214,14,1,11.005257844924927
screen,257,pod,cnn,32,25,"(32, 32)","(16, 32)",5,32,1,tanh,0.0,0.0,0.0,0.003,,1,0.0,0,r_field,29200,29120,0.7055591706486873,0.759622275647227,0.49599377955270585,nan,nan,215,15,1,9.80508542060852
screen,258,pod,cnn,16,50,"(32, 32)","(16, 32)",5,32,1,tanh,0.0,0.0,0.0,0.003,,1,0.0,0,n_delays,29184,29120,0.6698298558273719,0.775065805385605,0.4795592743542785,nan,nan,227,27,1,9.984841585159302
screen,259,pod,cnn,16,25,"(32, 32)","(32, 64)",5,32,1,tanh,0.0,0.0,0.0,0.003,,1,0.0,0,cnn_channels,37872,37760,0.6889167119955018,0.7544440184818126,0.5001119776063103,nan,nan,215,15,1,10.009145498275757
screen,260,pod,linear,128,25,"(32, 32)","(16, 32)",5,32,1,tanh,0.0,0.0,0.0,0.003,,1,0.0,0,r_field,38528,38400,0.6942420306411694,0.7447395149279444,0.5092734793086748,nan,nan,542,521,1,13.342689752578735
screen,261,ae,linear,128,25,"(32, 32)","(16, 32)",5,32,1,tanh,0.0,0.0,0.0,0.003,,1,0.0,0,r_field,38528,38400,0.7028676752793516,0.7607105639804368,0.5160996450587961,nan,nan,287,87,1,9.294472217559814
screen,262,pod,mlp,16,100,"(32, 32)","(16, 32)",5,32,1,tanh,0.0,0.0,0.0,0.003,,1,0.0,0,n_delays,40016,39936,0.7073250807579586,0.7803508386963244,0.47589300641977794,nan,nan,328,128,1,12.04974913597107
screen,263,ae,mlp,16,100,"(32, 32)","(16, 32)",5,32,1,tanh,0.0,0.0,0.0,0.003,,1,0.0,0,n_delays,40016,39936,0.7015067942619582,0.79386319346853,0.4683534070883467,nan,nan,207,7,1,9.481239318847656
screen,264,pod,cnn,64,25,"(32, 32)","(16, 32)",5,32,1,tanh,0.0,0.0,0.0,0.003,,1,0.0,0,r_field,54832,54720,0.6832528989678538,0.7683922791200186,0.4872080165931767,nan,nan,223,23,1,10.084508180618286
screen,265,pod,cnn,16,100,"(32, 32)","(16, 32)",5,32,1,tanh,0.0,0.0,0.0,0.003,,1,0.0,0,n_delays,54784,54720,0.6685502026796057,0.7799727133782827,0.47472457661704315,nan,nan,220,20,1,10.126775741577148
screen,266,pod,gru,16,25,"(32, 32)","(16, 32)",5,128,1,tanh,0.0,0.0,0.0,0.003,,1,0.0,0,gru_hidden,56592,55808,0.6915664565023749,0.7775929870393128,0.4773871391817881,nan,nan,240,40,1,11.67006540298462
screen,267,pod,mlp,16,25,"(128, 128)","(16, 32)",5,32,1,tanh,0.0,0.0,0.0,0.003,,1,0.0,0,hidden,57104,56832,0.6930888172531562,0.7588354333833719,0.4977896695252584,nan,nan,231,31,1,9.430464506149292
screen,268,ae,mlp,16,25,"(128, 128)","(16, 32)",5,32,1,tanh,0.0,0.0,0.0,0.003,,1,0.0,0,hidden,57104,56832,0.7036232682960887,0.7447346442526414,0.5135797143690489,nan,nan,204,4,1,9.18600583076477
screen,269,pod,cnn,16,25,"(32, 32)","(64, 128)",5,32,1,tanh,0.0,0.0,0.0,0.003,,1,0.0,0,cnn_channels,96208,96000,0.689679183351398,0.7486897031329118,0.5060094144487429,nan,nan,209,9,1,9.961045980453491
screen,270,pod,cnn,128,25,"(32, 32)","(16, 32)",5,32,1,tanh,0.0,0.0,0.0,0.003,,1,0.0,0,r_field,106096,105920,0.6997953887734648,0.7618321589999838,0.4934834600700875,nan,nan,215,15,1,9.841305494308472
screen,271,pod,mlp,16,25,"(256, 256)","(16, 32)",5,32,1,tanh,0.0,0.0,0.0,0.003,,1,0.0,0,hidden,146960,146432,0.6971492027485363,0.7539176538365916,0.5029059838978858,nan,nan,216,16,1,9.076374769210815
screen,272,ae,mlp,16,25,"(256, 256)","(16, 32)",5,32,1,tanh,0.0,0.0,0.0,0.003,,1,0.0,0,hidden,146960,146432,0.7074666382488218,0.7569384045862161,0.5043245908175622,nan,nan,204,4,1,9.157081842422485
pair,0,pod,mlp,16,5,"(8,)","(16, 32)",5,32,1,tanh,0.0,0.0,0.0,0.003,,1,0.0,0,hiddenxn_delays,632,608,0.7255330908407595,0.7563845183193052,0.4986310151707538,nan,nan,874,674,1,45.55308294296265
pair,1,pod,linear,4,25,"(32, 32)","(16, 32)",5,32,1,tanh,0.0,0.0,0.0,0.003,,1,0.0,0,band_hzxr_field,1204,1200,0.7207567942692586,0.7457666032340897,0.5099901107592837,nan,nan,593,393,1,15.182177782058716
pair,4,pod,mlp,16,5,"(32,)","(16, 32)",5,32,1,tanh,0.0,0.0,0.0,0.003,,1,0.0,0,hiddenxn_delays,2480,2432,0.7090754464122733,0.7641990746554671,0.490766943794282,nan,nan,584,394,1,15.812756299972534
pair,5,pod,mlp,16,25,"(8,)","(16, 32)",5,32,1,tanh,0.0,0.0,0.0,0.003,,1,0.0,0,hiddenxweight_decay,2552,2528,0.7195870596567072,0.7687505699552808,0.48590289154184885,nan,nan,656,472,1,17.389095544815063
pair,6,pod,mlp,16,25,"(8,)","(16, 32)",5,32,1,tanh,0.0,0.0001,0.0,0.003,,1,0.0,0,hiddenxweight_decay,2552,2528,0.7779546018340053,0.8043667280861498,0.47543170521113076,nan,nan,589,418,1,16.42076539993286
pair,7,pod,mlp,16,25,"(8,)","(16, 32)",5,32,1,tanh,0.0,0.01,0.0,0.003,,1,0.0,0,hiddenxweight_decay,2552,2528,0.9960114246771382,1.0012907936586344,0.2996096927116929,nan,nan,222,22,1,8.54506778717041
pair,10,pod,mlp,16,25,"(8,)","(16, 32)",5,32,1,tanh,0.0,0.0,0.1,0.003,,1,0.0,0,hiddenxsensor_noise,2552,2528,0.7147830939841131,0.7582570772994579,0.4966663156738804,nan,nan,819,620,1,21.26334524154663
pair,11,pod,mlp,16,25,"(8,)","(16, 32)",5,32,1,tanh,0.0,0.0,0.5,0.003,,1,0.0,0,hiddenxsensor_noise,2552,2528,0.7345835006724202,0.7655279639093076,0.49097123325413805,nan,nan,622,422,1,17.019466876983643
pair,12,pod,linear,16,25,"(32, 32)","(16, 32)",5,32,1,tanh,0.0,0.0,0.0,0.003,,1,0.0,0,band_hzxr_field,4816,4800,0.7026282953259873,0.7368720561505446,0.5172829634361445,nan,nan,593,393,1,13.750199317932129
pair,15,pod,mlp,16,100,"(8,)","(16, 32)",5,32,1,tanh,0.0,0.0,0.0,0.003,,1,0.0,0,hiddenxn_delays,9752,9728,0.727336674042583,0.7958687362774753,0.45716372472416117,nan,nan,542,342,1,15.080683946609497
pair,16,pod,mlp,16,25,"(32,)","(16, 32)",5,32,1,tanh,0.0,0.0,0.0,0.003,,1,0.0,0,hiddenxweight_decay,10160,10112,0.6804433522831749,0.7483150531034642,0.5078026693616399,nan,nan,436,236,1,12.859549045562744
pair,17,pod,mlp,16,25,"(32,)","(16, 32)",5,32,1,tanh,0.0,0.0001,0.0,0.003,,1,0.0,0,hiddenxweight_decay,10160,10112,0.7176224807861039,0.7525947524509191,0.5085282431064325,nan,nan,446,246,1,13.291440963745117
pair,18,pod,mlp,16,25,"(32,)","(16, 32)",5,32,1,tanh,0.0,0.01,0.0,0.003,,1,0.0,0,hiddenxweight_decay,10160,10112,0.9858539106380882,0.9923332839932355,0.30051287100185614,nan,nan,222,22,1,8.530548810958862
pair,21,pod,mlp,16,25,"(32,)","(16, 32)",5,32,1,tanh,0.0,0.0,0.1,0.003,,1,0.0,0,hiddenxsensor_noise,10160,10112,0.6874547404788647,0.7473538328327565,0.5081560831026778,nan,nan,398,198,1,12.313599586486816
pair,22,pod,mlp,16,25,"(32,)","(16, 32)",5,32,1,tanh,0.0,0.0,0.5,0.003,,1,0.0,0,hiddenxsensor_noise,10160,10112,0.7024072455898399,0.7492132605783981,0.5062269559142748,nan,nan,408,208,1,12.64015531539917
pair,23,pod,mlp,4,25,"(32, 32)","(16, 32)",5,32,1,tanh,0.0,0.0,0.0,0.003,,1,0.0,0,band_hzxr_field,10820,10752,0.7023274488046759,0.7751816809543894,0.4816317987371643,nan,nan,352,152,1,12.269838333129883
pair,26,pod,mlp,16,25,"(32, 32)","(16, 32)",5,32,1,tanh,0.0,0.0,0.0,0.003,,1,0.0,0,band_hzxr_field,11216,11136,0.6967550793967064,0.7631010189979104,0.4935603746313424,nan,nan,340,140,1,11.88886547088623
pair,29,pod,mlp,64,25,"(32, 32)","(16, 32)",5,32,1,tanh,0.0,0.0,0.0,0.003,,1,0.0,0,band_hzxr_field,12800,12672,0.6861614234342516,0.7701585746487486,0.4877559615443405,nan,nan,359,159,1,14.864946126937866
pair,32,pod,linear,64,25,"(32, 32)","(16, 32)",5,32,1,tanh,0.0,0.0,0.0,0.003,,1,0.0,0,band_hzxr_field,19264,19200,0.6970516180235271,0.7419721696623823,0.5121316716600905,nan,nan,542,521,1,13.033265352249146
pair,35,pod,mlp,16,5,"(128, 128)","(16, 32)",5,32,1,tanh,0.0,0.0,0.0,0.003,,1,0.0,0,hiddenxn_delays,26384,26112,0.7083498040600469,0.7829787590893212,0.4721629030702428,nan,nan,237,37,1,9.3558931350708
pair,36,pod,mlp,16,100,"(32,)","(16, 32)",5,32,1,tanh,0.0,0.0,0.0,0.003,,1,0.0,0,hiddenxn_delays,38960,38912,0.6663177150184307,0.7750838564087011,0.4807241847995728,nan,nan,356,156,1,11.302005290985107
pair,37,pod,mlp,16,25,"(128, 128)","(16, 32)",5,32,1,tanh,0.0,0.0,0.0,0.003,,1,0.0,0,hiddenxweight_decay,57104,56832,0.6930888172531562,0.7588354333833719,0.4977896695252584,nan,nan,231,31,1,9.348296403884888
pair,38,pod,mlp,16,25,"(128, 128)","(16, 32)",5,32,1,tanh,0.0,0.0001,0.0,0.003,,1,0.0,0,hiddenxweight_decay,57104,56832,0.6868888486780994,0.7545269929618919,0.5018852656675802,nan,nan,244,44,1,9.70577883720398
pair,39,pod,mlp,16,25,"(128, 128)","(16, 32)",5,32,1,tanh,0.0,0.01,0.0,0.003,,1,0.0,0,hiddenxweight_decay,57104,56832,0.9995097623257658,1.0043718086212314,0.30390485419092333,nan,nan,201,1,1,8.634721040725708
pair,42,pod,mlp,16,25,"(128, 128)","(16, 32)",5,32,1,tanh,0.0,0.0,0.1,0.003,,1,0.0,0,hiddenxsensor_noise,57104,56832,0.6707241789420013,0.765535760960855,0.4920069888944323,nan,nan,244,44,1,9.747589588165283
pair,43,pod,mlp,16,25,"(128, 128)","(16, 32)",5,32,1,tanh,0.0,0.0,0.5,0.003,,1,0.0,0,hiddenxsensor_noise,57104,56832,0.7008976120331621,0.7730230154570602,0.48387862062163056,nan,nan,237,37,1,9.576563119888306
pair,44,pod,mlp,16,100,"(128, 128)","(16, 32)",5,32,1,tanh,0.0,0.0,0.0,0.003,,1,0.0,0,hiddenxn_delays,172304,172032,0.701426232703835,0.7841480051820557,0.47275324864094326,nan,nan,235,35,1,9.435919523239136
random,0,pod,linear,2,3,"(64, 64)","(16, 32)",5,64,2,relu,0.1,7.964403365433054e-05,0.5,0.004078287392277005,,1,0.0,115,random,74,72,0.8115910791814867,0.8468692136363373,0.4069356914104353,nan,nan,665,465,1,37.07320833206177
random,2,ae,linear,2,3,"(16, 16)","(8,)",3,64,1,relu,0.5,0.0037229819942681593,0.25,0.00040424867498955986,,1,0.0,264,random,74,72,0.7584516849857624,0.7931097745534007,0.47010796822838663,nan,nan,295,95,1,117.29737758636475
random,4,ae,linear,2,5,"(64, 64)","(8, 16)",15,16,2,tanh,0.2,0.00015858422704951257,0.25,0.005657881121786185,,1,0.0,394,random,122,120,0.748411198663457,0.7764725121805324,0.4844028496751376,nan,nan,214,14,1,8.093989372253418
random,5,pod,linear,3,4,"(32,)","(16, 32)",3,16,1,gelu,0.1,1.0628040432420086e-07,0.05,0.028656852308561454,,1,0.0,139,random,147,144,0.7558863693125751,0.7824978344576408,0.47193561138992957,nan,nan,446,246,1,13.353259563446045
random,11,pod,mlp,4,2,"(8,)","(16,)",3,64,2,gelu,0.1,0.009627489896461542,0.05,0.008491067828416377,,1,0.0,384,random,236,224,0.9997736381098085,1.004634741390719,0.2642006878590239,nan,nan,201,1,1,8.453024864196777
random,14,pod,linear,10,2,"(32, 32)","(8, 16)",3,8,1,relu,0.1,0.019679116190523697,0.5,0.005928904400471964,,1,0.0,215,random,250,240,0.9954047253326082,1.000851085417477,0.3088157843254429,nan,nan,215,15,1,7.621989488601685
random,18,pod,linear,9,3,"(32,)","(8, 16)",3,8,2,gelu,0.1,2.252298829517425e-07,0.25,0.0009359968327609634,,1,0.0,379,random,333,324,0.7690921095739549,0.803803758875911,0.44982203691971734,nan,nan,2000,2000,0,39.779151916503906
random,22,pod,cnn,3,10,"(16,)","(4,)",5,64,1,gelu,0.0,0.0016699928648494066,0.0,0.0131621680526711,,1,0.0,28,random,367,360,0.7445701887813402,0.7707218007420829,0.4866366824982407,nan,nan,245,45,1,9.331202983856201
random,23,pod,linear,2,15,"(128, 128)","(8,)",5,16,2,relu,0.1,0.0028480001959148176,0.1,0.0007537604968975634,,1,0.0,244,random,362,360,0.8841435631721517,0.9024940666864186,0.39028653853141204,nan,nan,436,237,1,11.661772012710571
random,29,pod,linear,5,8,"(32, 32)","(32, 64)",15,32,1,gelu,0.5,2.7197025904758404e-05,0.25,0.0279827020033612,,1,0.0,237,random,485,480,0.7446263475250022,0.7711200949304027,0.48748757004581245,nan,nan,302,102,1,9.294745922088623
random,30,ae,cnn,3,5,"(32,)","(4,)",9,32,2,relu,0.3,0.0004402231355702177,0.1,0.0029729998898323164,,1,0.0,127,random,499,492,0.7405492578311212,0.780787744283364,0.4843063815284878,nan,nan,225,25,1,9.529324054718018
random,32,ae,linear,14,3,"(8,)","(16, 32)",5,64,1,tanh,0.5,0.0005603099082700464,0.0,0.0020995865039614464,,1,0.0,316,random,518,504,0.7434512832309448,0.7823328561645357,0.47566379931380287,nan,nan,368,168,1,182.72662448883057
random,44,ae,mlp,42,3,"(8,)","(16,)",15,8,2,tanh,0.3,1.221840896532401e-07,0.05,0.012939975628988644,,1,0.0,263,random,674,624,0.7460712904883597,0.7815689454806471,0.47827739603790137,nan,nan,344,144,1,366.0699579715729
random,49,ae,linear,5,12,"(64,)","(16,)",5,128,1,gelu,0.5,0.0006666094812455835,0.5,0.0005285621707069647,,1,0.0,363,random,725,720,0.7187345327075091,0.7456100421292845,0.5111081113220934,nan,nan,344,155,1,10.209195137023926
random,52,pod,cnn,2,2,"(64,)","(4,)",15,32,1,gelu,0.2,8.237187420010122e-06,0.0,0.001719809187297258,,1,0.0,158,random,742,736,0.762294858623066,0.7969312258796751,0.4558725191319467,nan,nan,656,456,1,18.857496976852417
random,55,pod,gru,37,96,"(32, 32)","(32, 64)",9,8,1,tanh,0.3,0.030419642118323917,0.25,0.0003541947639686457,,1,0.0,225,random,861,776,0.999813187707433,1.0044790754031603,0.03154809353333355,nan,nan,201,1,1,12.490355491638184
random,59,ae,cnn,3,14,"(16,)","(4,)",15,64,1,relu,0.0,0.00020242771589969947,0.0,0.0004092311609403474,,1,0.0,49,random,895,888,0.7096881733620485,0.7465406887765113,0.5152395143679772,nan,nan,315,115,1,11.527090072631836
random,65,pod,cnn,4,4,"(16, 16)","(8, 16)",3,64,1,tanh,0.5,3.904596894327935e-07,0.05,0.020173635955769063,,1,0.0,206,random,956,928,0.7417209517497403,0.7994358566071083,0.45483043983446925,nan,nan,221,21,1,10.227299690246582
random,72,ae,gru,15,4,"(32,)","(8,)",9,8,2,relu,0.1,0.000893833203929197,0.1,0.003467738346622892,,1,0.0,130,random,1095,1080,0.738404001569529,0.7876969408712163,0.4739318211201102,nan,nan,270,70,1,14.299948692321777
random,73,pod,linear,18,5,"(32,)","(16,)",9,16,2,relu,0.5,2.4092886733314167e-06,0.5,0.0004367354970112521,,1,0.0,266,random,1098,1080,0.7593751553772563,0.7929377855775183,0.46338455674202195,nan,nan,2000,2000,0,40.384774923324585
random,80,ae,gru,93,10,"(32, 32, 32)","(16,)",3,8,1,relu,0.0,0.0002143333068616658,0.1,0.024241354199614675,,1,0.0,346,random,1365,1224,0.7313756505831176,0.7775214534939173,0.5036004984649184,nan,nan,229,29,1,623.8110892772675
random,92,ae,gru,7,11,"(16, 16)","(8, 16)",9,16,1,relu,0.5,1.4781409410499926e-07,0.1,0.0014346420779551444,,1,0.0,96,random,1559,1456,0.7139224547697631,0.7577013260607607,0.5011482799943239,nan,nan,227,27,1,11.469104528427124
random,95,pod,cnn,14,4,"(16, 16)","(16,)",3,8,2,gelu,0.1,0.012515700377018294,0.5,0.0029334770793463453,,1,0.0,298,random,1502,1472,0.9961500861391096,1.001403548556253,0.29119968189515605,nan,nan,293,100,1,12.18849229812622
random,96,pod,linear,3,41,"(32,)","(16,)",5,128,1,relu,0.2,4.031692715488693e-06,0.25,0.0019018710567823781,,1,0.0,324,random,1479,1476,0.730348687653405,0.7599704290440907,0.49613757333877545,nan,nan,696,498,1,16.174705266952515
random,97,pod,gru,12,24,"(64,)","(4,)",3,16,1,relu,0.1,0.008289657109939907,0.1,0.0029423893062281085,,1,0.0,198,random,1644,1536,0.9995028913636174,1.0043866923851508,0.15156371165416177,nan,nan,201,1,1,11.87153697013855
pair,33,pod,linear,4,25,"(32, 32)","(16, 32)",5,32,1,tanh,0.0,0.0,0.0,0.003,20.0,1,0.0,0,band_hzxr_field,1204,1200,0.5867097884515395,0.6043997790688597,0.638019678388313,nan,nan,551,351,1,14.211703777313232
pair,34,pod,linear,16,25,"(32, 32)","(16, 32)",5,32,1,tanh,0.0,0.0,0.0,0.003,20.0,1,0.0,0,band_hzxr_field,4816,4800,0.5638466135914042,0.5969341745576121,0.6424481630679604,nan,nan,512,327,1,13.796982526779175
pair,35,pod,mlp,4,25,"(32, 32)","(16, 32)",5,32,1,tanh,0.0,0.0,0.0,0.003,20.0,1,0.0,0,band_hzxr_field,10820,10752,0.565509837439668,0.6506588840649475,0.6009294863093219,nan,nan,318,118,1,11.186044931411743
pair,36,pod,mlp,16,25,"(32, 32)","(16, 32)",5,32,1,tanh,0.0,0.0,0.0,0.003,20.0,1,0.0,0,band_hzxr_field,11216,11136,0.5427049412006566,0.6438282521234796,0.6066897058911978,nan,nan,329,129,1,11.448936939239502
pair,37,pod,mlp,64,25,"(32, 32)","(16, 32)",5,32,1,tanh,0.0,0.0,0.0,0.003,20.0,1,0.0,0,band_hzxr_field,12800,12672,0.5564617007884708,0.6357910248508052,0.6133635337472549,nan,nan,305,105,1,13.310054302215576
pair,38,pod,linear,64,25,"(32, 32)","(16, 32)",5,32,1,tanh,0.0,0.0,0.0,0.003,20.0,1,0.0,0,band_hzxr_field,19264,19200,0.5573995525845584,0.6018309088020657,0.6380060881091747,nan,nan,527,327,1,12.53104043006897
pair,39,pod,linear,4,25,"(32, 32)","(16, 32)",5,32,1,tanh,0.0,0.0,0.0,0.003,40.0,1,0.0,0,band_hzxr_field,1204,1200,0.6210570230720543,0.6545496473628956,0.5944821840809035,nan,nan,593,393,1,14.948132276535034
pair,40,pod,linear,16,25,"(32, 32)","(16, 32)",5,32,1,tanh,0.0,0.0,0.0,0.003,40.0,1,0.0,0,band_hzxr_field,4816,4800,0.5982455019413934,0.6441148205508527,0.6015627170318615,nan,nan,593,521,1,15.225039958953857
pair,41,pod,mlp,4,25,"(32, 32)","(16, 32)",5,32,1,tanh,0.0,0.0,0.0,0.003,40.0,1,0.0,0,band_hzxr_field,10820,10752,0.6016120428321133,0.7009582294931435,0.5552754907729708,nan,nan,335,135,1,11.664406299591064
pair,42,pod,mlp,16,25,"(32, 32)","(16, 32)",5,32,1,tanh,0.0,0.0,0.0,0.003,40.0,1,0.0,0,band_hzxr_field,11216,11136,0.5889455557422831,0.6858859846340055,0.5682656359745862,nan,nan,338,138,1,11.712349891662598
pair,43,pod,mlp,64,25,"(32, 32)","(16, 32)",5,32,1,tanh,0.0,0.0,0.0,0.003,40.0,1,0.0,0,band_hzxr_field,12800,12672,0.5755026436284945,0.6939309995749732,0.5622519997587131,nan,nan,356,156,1,14.573726177215576
pair,44,pod,linear,64,25,"(32, 32)","(16, 32)",5,32,1,tanh,0.0,0.0,0.0,0.003,40.0,1,0.0,0,band_hzxr_field,19264,19200,0.5908333657217517,0.6483997564389619,0.5977899957590899,nan,nan,592,574,1,13.681813716888428
random,25,ae,cnn,13,11,"(64, 64)","(8,)",5,128,1,tanh,0.1,1.5179991154943438e-05,0.05,0.026498857713783557,,1,0.0,318,random,1645,1624,0.6927956510776975,0.7326256923315765,0.5250609510401636,nan,nan,242,42,1,197.93650245666504
random,26,ae,cnn,3,2,"(32, 32, 32)","(16,)",9,32,2,relu,0.5,8.391716992374422e-07,0.25,0.0012997106603033826,,1,0.0,152,random,1843,1824,0.7738309879794663,0.8253247770736327,0.4465737308504816,nan,nan,228,28,1,9.32903242111206
random,27,pod,linear,17,10,"(8,)","(32, 64)",3,128,1,relu,0.0,3.1069763887558773e-06,0.05,0.0007368781861860443,,1,0.0,358,random,2057,2040,0.7230934500057475,0.7485641838578594,0.5070100424354763,nan,nan,1497,1497,1,31.73642325401306
random,28,ae,cnn,4,52,"(32, 32)","(8,)",9,32,2,tanh,0.2,0.007695042277887972,0.0,0.006740314639345696,,1,0.0,186,random,2540,2528,0.7114501839901795,0.758200789089332,0.4983971152184862,nan,nan,205,5,1,107.28318810462952
random,29,ae,linear,4,54,"(16,)","(16,)",3,32,2,gelu,0.2,0.022016284780214095,0.1,0.0008412506690216315,,1,0.0,178,random,2596,2592,0.6999893263681504,0.7359029092710233,0.5191563043789474,nan,nan,370,170,1,10.51522970199585
random,30,pod,gru,3,52,"(8,)","(16,)",9,16,2,gelu,0.1,8.18862216658535e-05,0.25,0.0021007677783343253,,1,0.0,26,random,3123,2736,0.7501980198977982,0.8304134183161149,0.41901922192083313,nan,nan,506,306,1,23.302785634994507
random,31,ae,gru,6,38,"(32, 32)","(16,)",5,16,2,relu,0.2,0.010548193630346418,0.0,0.008195279785583258,,1,0.0,73,random,3174,2784,0.7214507597656259,0.7483499498141214,0.5078586369518594,nan,nan,253,53,1,101.87004256248474
random,32,pod,cnn,12,51,"(32,)","(4,)",9,128,2,tanh,0.0,9.69727173895481e-06,0.0,0.021093216603974948,,1,0.0,347,random,2896,2880,0.6973026970214706,0.7628714507765963,0.49151277694216505,nan,nan,227,27,1,8.811447620391846
random,33,ae,gru,97,25,"(128, 128)","(32, 64)",15,16,1,gelu,0.0,0.0022362726159804018,0.5,0.0004110659932982053,,1,0.0,250,random,3089,2896,0.7282026346735739,0.7643812468673007,0.5070091857474506,nan,nan,403,203,1,561.0705509185791
random,34,pod,cnn,29,22,"(32,)","(4,)",9,16,1,relu,0.3,0.08956521473857078,0.05,0.021116015371224497,,1,0.0,36,random,3017,2984,0.9999896955874524,1.004822769439068,0.0379006860893874,nan,nan,201,1,1,10.176497459411621
random,35,ae,gru,105,3,"(64,)","(8,)",15,16,1,tanh,0.1,6.3558228295568055e-06,0.5,0.011669762890478231,,1,0.0,315,random,3225,3024,0.7547215736530688,0.8305591799214294,0.444730312820793,nan,nan,231,31,1,592.4516184329987
random,36,ae,cnn,31,3,"(32, 32)","(16,)",9,128,2,tanh,0.3,0.0003397860240279423,0.5,0.0004411658657873623,,1,0.0,61,random,3263,3216,0.7656046520910017,0.8079970183917622,0.4495371427860654,nan,nan,290,90,1,275.5845832824707
random,37,pod,mlp,88,10,"(16,)","(16,)",15,32,2,tanh,0.1,1.5683178984877666e-07,0.0,0.010545779003292212,,1,0.0,87,random,3432,3328,0.7012110633270376,0.747195823731284,0.5075913664479653,nan,nan,407,207,1,15.291088819503784
random,38,ae,cnn,4,63,"(8,)","(8,)",15,8,2,gelu,0.1,0.00022206775175327012,0.1,0.00800034133519314,,1,0.0,35,random,3468,3456,0.6871759806992126,0.7787042889151091,0.48525024626842006,nan,nan,220,20,1,9.341189861297607
random,39,ae,linear,4,81,"(16,)","(4,)",5,128,1,gelu,0.3,6.319767760353375e-05,0.05,0.013339049064998759,,1,0.0,40,random,3892,3888,0.688980290351544,0.7415489355187497,0.5142963369252262,nan,nan,333,133,1,9.894405603408813
random,40,pod,linear,112,3,"(32, 32)","(32, 64)",15,16,1,gelu,0.5,1.1826758108562832e-07,0.0,0.026755421478641284,,1,0.0,151,random,4144,4032,0.7461291569676198,0.7827930497273244,0.47046793593325564,nan,nan,453,253,1,14.71734881401062
random,41,ae,linear,118,3,"(64,)","(8, 16)",9,8,1,tanh,0.3,6.546962514032947e-05,0.25,0.00036849967165696404,,1,0.0,227,random,4366,4248,0.7659808960934386,0.8052191467982431,0.4632109175745911,nan,nan,382,182,1,637.2959973812103
random,42,ae,gru,107,33,"(16, 16)","(16,)",15,16,2,gelu,0.5,5.42257140516215e-07,0.0,0.0051239484910883875,,1,0.0,75,random,4891,4400,0.7402589628522297,0.7886590215220632,0.5009824524899259,nan,nan,206,6,1,623.897439956665
random,43,pod,mlp,56,3,"(32, 32, 32)","(16,)",3,64,2,tanh,0.3,5.840074135202541e-06,0.5,0.004537091682732033,,1,0.0,182,random,5144,4992,0.7630169885796004,0.8055391367797995,0.44926395123838364,nan,nan,354,154,1,16.5936918258667
random,44,ae,gru,44,33,"(8,)","(32, 64)",15,32,1,gelu,0.3,0.00011951080134837726,0.0,0.0004700883052523538,,1,0.0,213,random,5868,5632,0.7183517308440617,0.7612152999778691,0.5053615223589869,nan,nan,233,33,1,342.95183753967285
random,45,pod,gru,50,26,"(32, 32, 32)","(8,)",15,32,1,relu,0.2,0.022762576376768748,0.1,0.003790490236318909,,1,0.0,230,random,6066,5824,0.999871447549252,1.004740730490625,0.06605466370204766,nan,nan,201,1,1,12.244699001312256
random,46,ae,mlp,20,32,"(16, 16)","(8, 16)",3,8,1,gelu,0.5,0.0016800638934510426,0.1,0.00472547010027553,,1,0.0,232,random,6772,6720,0.7398138682023232,0.7664177848910028,0.5058419392862334,nan,nan,358,158,1,213.45558857917786
random,47,pod,cnn,6,77,"(64, 64)","(16,)",3,64,2,relu,0.3,5.9643220011582845e-06,0.0,0.004226129416814117,,1,0.0,54,random,7990,7968,0.7088107572939859,0.7516570377630015,0.5033228727224941,nan,nan,216,16,1,9.9307541847229
random,48,pod,gru,5,26,"(16, 16)","(16,)",5,32,2,tanh,0.0,0.00024212670265975428,0.1,0.0011695124287946035,,1,0.0,223,random,10917,8608,0.7574534384951392,0.8285064464459094,0.4237194251385897,nan,nan,419,219,1,19.879683017730713
random,49,ae,gru,11,70,"(16,)","(32, 64)",3,32,2,gelu,0.2,0.009524099231545909,0.0,0.0016114378869264401,,1,0.0,15,random,11115,8800,0.7259540545438168,0.7525255890587983,0.5063605736614394,nan,nan,246,46,1,180.25761103630066
random,50,ae,gru,16,3,"(128, 128)","(16, 32)",15,32,2,tanh,0.2,4.711587678785948e-05,0.1,0.004412620483782702,,1,0.0,224,random,11280,8960,0.7341749146638206,0.7909290713833855,0.47245582955716825,nan,nan,213,13,1,174.6245095729828
random,51,ae,mlp,95,13,"(32, 32)","(32, 64)",3,32,1,gelu,0.5,0.001787366313781122,0.1,0.001292646599520262,,1,0.0,62,random,9215,9056,0.724953383230146,0.7493959313386829,0.5153512713876063,nan,nan,308,109,1,565.9467520713806
random,52,ae,gru,30,16,"(128, 128)","(4,)",3,32,2,gelu,0.3,0.061062867498481534,0.0,0.0004620432755879544,,1,0.0,368,random,11742,9408,0.9992692975001438,1.0048935988910168,0.21755409381620336,nan,nan,209,12,1,260.25608706474304
random,53,pod,cnn,59,9,"(16, 16)","(16,)",5,128,2,tanh,0.1,0.004871066383672859,0.5,0.026252131379374953,,1,0.0,300,random,9531,9456,0.884488722212263,0.8988857272917093,0.4520846440200504,nan,nan,201,1,1,10.585602283477783
random,54,ae,gru,66,6,"(16,)","(16, 32)",3,32,2,relu,0.5,0.023383504681675892,0.0,0.0025171202414373734,,1,0.0,319,random,12930,10560,0.8749689836041583,0.8907087328374313,0.34918499642618284,nan,nan,231,31,1,534.8664710521698
random,55,ae,gru,103,15,"(32,)","(8,)",9,32,2,relu,0.0,3.0926345095662077e-07,0.05,0.00037103481962084896,,1,0.0,253,random,14151,11744,0.7247033153020616,0.7738153909756827,0.5056482314486765,nan,nan,237,37,1,593.8020689487457
random,56,pod,cnn,24,8,"(32,)","(16, 32)",9,8,2,tanh,0.1,0.00045778025771095205,0.5,0.0005018996413314451,,1,0.0,81,random,12552,12480,0.7406786584497907,0.7832244196361912,0.47364921763376333,nan,nan,354,154,1,15.265293598175049
random,57,ae,linear,62,17,"(64, 64)","(4,)",9,16,1,gelu,0.0,0.001525603212851618,0.1,0.011088763917029348,,1,0.0,133,random,12710,12648,0.7049818000420441,0.7471963743888289,0.5185572619898102,nan,nan,334,134,1,500.97551703453064
random,58,pod,cnn,7,10,"(16, 16)","(16, 32)",15,64,2,gelu,0.3,0.00020685644806137433,0.05,0.004623487182030959,,1,0.0,14,random,12855,12800,0.7021380449098187,0.7471689095117998,0.5083676675121858,nan,nan,221,21,1,11.508154153823853
random,59,ae,mlp,6,35,"(32,)","(8, 16)",9,8,1,relu,0.5,7.1500075290939595e-06,0.0,0.002585237280999421,,1,0.0,176,random,13670,13632,0.6937197942710178,0.7402667254858054,0.5173714348881808,nan,nan,267,67,1,9.766031503677368
random,60,ae,mlp,3,30,"(32, 32, 32)","(16,)",3,64,2,relu,0.0,3.072623698171152e-05,0.0,0.006964462548728355,,1,0.0,228,random,13763,13664,0.7219077709273184,0.7732558104310844,0.4921823375379546,nan,nan,204,4,1,9.510886430740356
random,61,pod,gru,8,8,"(64, 64)","(4,)",5,64,1,gelu,0.0,0.020184260527625782,0.1,0.013388904091127538,,1,0.0,258,random,15496,15104,0.9999554701053146,1.0047874759688007,0.24744421848125023,nan,nan,201,1,1,11.480762243270874
random,62,pod,gru,27,5,"(64, 64)","(8, 16)",9,64,1,gelu,0.5,0.0008552772174721554,0.05,0.02226688044506867,,1,0.0,102,random,16731,16320,0.8295469424987686,0.8516535684900842,0.43017524514027267,nan,nan,235,35,1,12.917909860610962
random,63,ae,cnn,10,18,"(32, 32)","(32, 64)",3,32,1,gelu,0.2,0.017838959610817794,0.0,0.022936838979836095,,1,0.0,52,random,18922,18816,0.7124270040356633,0.7477148608955578,0.5103586824454395,nan,nan,259,59,1,152.24174046516418
random,64,ae,linear,42,38,"(32, 32, 32)","(8, 16)",9,8,2,tanh,0.2,0.02258935048874604,0.05,0.0024819366630657617,,1,0.0,164,random,19194,19152,0.707386341623086,0.756007159797035,0.5057984455078182,nan,nan,301,101,1,9.36144471168518
random,65,pod,cnn,45,27,"(16,)","(8, 16)",5,32,1,tanh,0.3,0.003160345032490981,0.5,0.007173394716593203,,1,0.0,65,random,20629,20560,0.793849235170289,0.8169801746753926,0.4644811644790793,nan,nan,208,8,1,11.471088409423828
random,66,pod,mlp,3,4,"(128, 128)","(8,)",5,128,1,tanh,0.0,0.0028826880598983346,0.5,0.0266508025654674,,1,0.0,200,random,23171,22912,0.829034880411715,0.8507128397985148,0.4403861894709618,nan,nan,256,56,1,9.955756664276123
random,67,pod,cnn,56,25,"(16,)","(16,)",3,32,2,tanh,0.0,0.013829518139378766,0.1,0.0004297617156613632,,1,0.0,104,random,23048,22976,0.9347378914953367,0.9443572837764507,0.43436713699930846,nan,nan,262,62,1,9.948213815689087
random,68,ae,mlp,10,4,"(128, 128)","(16, 32)",9,128,2,tanh,0.5,2.3446476129095815e-05,0.1,0.01140648649656388,,1,0.0,76,random,24074,23808,0.7177282738215582,0.777644249098609,0.48197665070108514,nan,nan,311,111,1,12.188241004943848
random,69,pod,linear,113,18,"(16, 16)","(4,)",3,16,1,gelu,0.3,0.03216893126920553,0.0,0.0010867812892793238,,1,0.0,210,random,24521,24408,0.9884557519233779,0.9944237336525418,0.3439654632659091,nan,nan,213,24,1,10.750824928283691
random,70,ae,cnn,47,30,"(128, 128)","(16,)",15,32,2,tanh,0.0,0.0030856428044252265,0.5,0.002132228457509431,,1,0.0,41,random,25503,25440,0.694048540496087,0.7579813914481285,0.5076404156887111,nan,nan,230,30,1,401.22827529907227
random,71,ae,cnn,2,34,"(32,)","(32, 64)",9,8,2,gelu,0.3,0.00032929509830919565,0.05,0.006539261419744401,,1,0.0,63,random,26338,26240,0.7338477137643942,0.75624805225857,0.5063986214813682,nan,nan,201,1,1,9.702737092971802
random,72,ae,mlp,15,65,"(32, 32)","(8, 16)",5,8,1,relu,0.3,0.00024373204897378957,0.05,0.0013701114089575076,,1,0.0,343,random,26543,26464,0.6742709742540983,0.7490439869653385,0.5083920331525537,nan,nan,274,104,1,11.38196587562561
random,73,pod,mlp,2,69,"(32,)","(8,)",9,64,2,relu,0.3,0.02250750541055339,0.1,0.007270538857533177,,1,0.0,297,random,26594,26560,0.9822050430655387,0.9882357993230931,0.24584306408742954,nan,nan,214,14,1,8.53894591331482
random,74,ae,gru,4,28,"(32,)","(8, 16)",3,64,2,gelu,0.3,0.05950295839930972,0.0,0.0029996245684621513,,1,0.0,21,random,40196,29440,0.7434505447630047,0.7662720375376081,0.49013137911765886,nan,nan,209,9,1,11.9055917263031
random,75,pod,mlp,3,77,"(32, 32)","(8,)",9,16,2,relu,0.5,0.0003161697250382936,0.1,0.007945018319886839,,1,0.0,31,random,30755,30688,0.7357948476706849,0.7742212449891319,0.49024388269062896,nan,nan,296,96,1,11.682337760925293
random,76,ae,linear,64,43,"(8,)","(8,)",3,64,2,tanh,0.0,1.039207717458471e-05,0.1,0.002386711842492907,,1,0.0,5,random,33088,33024,0.686455231069915,0.7701480359793467,0.5016284113681507,nan,nan,316,116,1,511.2348041534424
random,77,ae,linear,42,84,"(64,)","(16, 32)",15,64,1,tanh,0.5,8.65810707415677e-06,0.5,0.000309623635972039,,1,0.0,361,random,42378,42336,0.6830016688227193,0.7660768879346544,0.495951883905391,nan,nan,304,104,1,9.460099935531616
random,78,pod,cnn,17,37,"(128, 128)","(32, 64)",5,32,1,gelu,0.5,0.0003992848097394733,0.05,0.001617563830126307,,1,0.0,113,random,52529,52416,0.6960691934462856,0.746463407389273,0.5082459660002248,nan,nan,213,13,1,9.686452388763428
random,79,pod,gru,10,4,"(32, 32)","(32, 64)",15,128,1,tanh,0.3,0.0006572066081833377,0.0,0.011345184579352827,,1,0.0,48,random,55818,55040,0.7711557230705851,0.8024825517155288,0.4579683555427715,nan,nan,317,117,1,13.652717351913452
random,80,ae,gru,17,15,"(32, 32)","(32, 64)",15,128,1,gelu,0.5,0.00010698856993441367,0.25,0.0023718391282468933,,1,0.0,93,random,56721,55936,0.7060104660024424,0.7496642719735003,0.5122784964644954,nan,nan,205,5,1,193.2822892665863
random,81,pod,mlp,4,69,"(64, 64)","(4,)",3,64,2,relu,0.2,7.436864355516233e-07,0.05,0.005017303749362612,,1,0.0,252,random,57476,57344,0.6991310311788007,0.7539726761232264,0.5010348550784574,nan,nan,220,20,1,9.601329565048218
random,82,ae,gru,56,4,"(64,)","(4,)",9,128,1,gelu,0.2,3.14081156945333e-06,0.05,0.010460665804971717,,1,0.0,360,random,61752,60928,0.7521831516707229,0.7995672405469577,0.47190493612248763,nan,nan,202,2,1,409.41455364227295
random,83,ae,linear,102,70,"(16,)","(4,)",15,8,2,gelu,0.5,6.110979113213478e-06,0.0,0.029858817035250576,,1,0.0,356,random,85782,85680,0.6632885101923441,0.800445347601534,0.48331513515047697,nan,nan,311,111,1,561.891774892807
random,84,pod,gru,17,76,"(32,)","(4,)",5,128,2,tanh,0.3,3.817617314360842e-05,0.05,0.025659336151721963,,1,0.0,12,random,155793,109696,0.6841587504741466,0.7944700191577928,0.46425535931140055,nan,nan,209,9,1,12.161198377609253
random,85,ae,linear,2,3,"(16,)","(16, 32)",5,16,1,relu,0.3,5.309940110306753e-07,0.5,0.022156918922000925,20.0,1,0.0,332,random,74,72,0.6835590125514477,0.7248393968150031,0.548159843497039,nan,nan,244,44,1,133.6051344871521
random,86,pod,linear,4,3,"(32,)","(16, 32)",5,16,2,gelu,0.5,1.0785433442865722e-05,0.5,0.0060740675485798385,20.0,1,0.0,373,random,148,144,0.6871069581470475,0.7256259688652296,0.5394850855691506,nan,nan,635,436,1,16.286948442459106
random,87,pod,mlp,2,3,"(8,)","(16, 32)",9,64,1,relu,0.3,0.096218728764694,0.05,0.027465779697794863,20.0,1,0.0,2,random,314,304,0.999981680664278,1.0095944168949371,0.16775655954324728,nan,nan,201,1,1,9.447316646575928
random,88,ae,linear,7,4,"(64, 64)","(16, 32)",5,16,1,gelu,0.2,0.00027066062625869224,0.1,0.011292765314948132,20.0,1,0.0,320,random,343,336,0.6290650958268018,0.6569275716298373,0.5971500917081664,nan,nan,260,60,1,134.9176847934723
random,89,pod,cnn,2,4,"(32, 32)","(8,)",3,32,1,relu,0.3,0.00018092307962230085,0.1,0.0040677470317378546,20.0,1,0.0,208,random,362,352,0.6554334606916741,0.6864154546932371,0.5695723367441903,nan,nan,258,58,1,9.689165830612183
random,90,ae,linear,4,9,"(32,)","(8, 16)",9,8,1,gelu,0.0,0.0070574649218440345,0.0,0.003939427236067642,20.0,1,0.0,141,random,436,432,0.5914602435530033,0.6096936540457252,0.6389582242179982,nan,nan,246,46,1,109.85947322845459
random,91,ae,linear,2,23,"(64, 64)","(8, 16)",3,16,2,gelu,0.0,2.3885344766446836e-05,0.5,0.0016895572355594866,20.0,1,0.0,140,random,554,552,0.6010991065060278,0.6239714011625942,0.6261624211617487,nan,nan,216,16,1,7.748059272766113
random,92,pod,linear,8,6,"(8,)","(16, 32)",15,32,1,gelu,0.2,1.047058809896853e-05,0.25,0.0009462723451949247,20.0,1,0.0,380,random,584,576,0.6324559152160911,0.66111241334568,0.5928521435451024,nan,nan,1250,1063,1,27.29172968864441
random,93,ae,gru,53,22,"(64,)","(32, 64)",15,8,1,relu,0.3,4.3032757702109975e-05,0.5,0.00034652098918569284,20.0,1,0.0,259,random,1005,904,0.5794310585809621,0.6265005377713888,0.6304689549279053,nan,nan,438,238,1,233.79632830619812
random,94,ae,linear,19,4,"(16,)","(16, 32)",5,64,2,relu,0.3,3.430180996411385e-05,0.0,0.00381457503863385,20.0,1,0.0,270,random,931,912,0.6211503742184801,0.6515668009105288,0.6035211587945306,nan,nan,397,198,1,175.07111048698425
random,95,pod,linear,19,4,"(64, 64)","(16, 32)",15,32,2,gelu,0.2,0.001980014583438574,0.0,0.0007664453964325065,20.0,1,0.0,344,random,931,912,0.8907056241417143,0.9123773336010502,0.450046709150725,nan,nan,462,263,1,13.050684928894043
random,96,ae,linear,38,2,"(32, 32)","(8, 16)",3,16,1,gelu,0.2,4.952261745364136e-07,0.5,0.001890606600285188,20.0,1,0.0,350,random,950,912,0.7208471689972443,0.7745886868278186,0.49325337590961105,nan,nan,259,60,1,199.46872878074646
random,97,ae,linear,8,11,"(128, 128)","(16,)",15,32,2,gelu,0.1,1.6103258410811514e-07,0.05,0.0014274051508148082,20.0,1,0.0,272,random,1064,1056,0.5800717690638598,0.6016607342703817,0.642299550609639,nan,nan,295,95,1,146.4065728187561
random,98,pod,mlp,6,5,"(16,)","(8, 16)",5,128,1,gelu,0.1,5.292336550879668e-05,0.05,0.0011644471574509129,20.0,1,0.0,294,random,1078,1056,0.6108062456190664,0.6437238995118482,0.6075336935757437,nan,nan,711,511,1,20.976412534713745
random,85,pod,linear,7,13,"(32,)","(32, 64)",5,32,1,tanh,0.0,0.0002943977751473551,0.5,0.0013828659414447503,20.0,1,0.0,199,random,1099,1092,0.6674958774680185,0.7019770217283795,0.5790122486742246,nan,nan,607,451,1,15.767359733581543
random,86,ae,gru,92,13,"(16,)","(16,)",5,8,1,relu,0.1,1.0698718701553713e-05,0.25,0.0006318342873122472,20.0,1,0.0,216,random,1356,1216,0.5971017509900655,0.6362014244685433,0.6287219926397967,nan,nan,304,104,1,324.0939848423004
random,87,pod,cnn,4,66,"(64,)","(4,)",5,32,1,relu,0.1,3.520676690107208e-06,0.0,0.0008920246916298607,20.0,1,0.0,283,random,1304,1296,0.5892819863342014,0.6220726372004092,0.6237677839929231,nan,nan,298,98,1,11.864131927490234
random,88,pod,linear,5,22,"(16,)","(16, 32)",9,64,1,relu,0.0,4.8970625522445914e-05,0.0,0.02935491058770726,20.0,1,0.0,179,random,1325,1320,0.5956428921186522,0.6184319114129205,0.6321257013568031,nan,nan,274,74,1,9.64879059791565
random,89,pod,linear,30,4,"(32, 32)","(16,)",5,128,2,tanh,0.0,1.6825255618051224e-05,0.5,0.0019421702384345707,20.0,1,0.0,85,random,1470,1440,0.6633688649363013,0.7024570847781971,0.5610285873354267,nan,nan,978,865,1,22.69190549850464
random,90,ae,linear,8,15,"(32, 32, 32)","(4,)",9,16,1,relu,0.2,6.612740267207617e-05,0.1,0.0051092049923790175,20.0,1,0.0,275,random,1448,1440,0.5725631965674962,0.5981211953495514,0.6447992980692273,nan,nan,294,94,1,145.88537192344666
random,91,ae,mlp,7,7,"(16,)","(8, 16)",5,8,2,tanh,0.0,0.016907786196525675,0.1,0.00041706229549108174,20.0,1,0.0,369,random,1479,1456,0.6019985165608409,0.6299932681133488,0.6199409004928823,nan,nan,409,209,1,139.1882200241089
random,92,pod,cnn,9,16,"(32, 32, 32)","(8,)",5,64,1,tanh,0.1,0.00016420772244020795,0.1,0.006621049910535043,20.0,1,0.0,44,random,1649,1632,0.5814796920492067,0.628710179489557,0.6194063602441423,nan,nan,331,169,1,12.848430395126343
random,93,ae,gru,22,5,"(64, 64)","(32, 64)",9,16,1,relu,0.3,0.0002715860431538425,0.1,0.0008231013954089051,20.0,1,0.0,205,random,1814,1696,0.623283127158973,0.6656320182473754,0.5973044774805741,nan,nan,271,71,1,164.4470067024231
random,94,pod,mlp,17,3,"(32,)","(32, 64)",9,8,2,relu,0.0,0.004942684011540669,0.05,0.0014123553018822305,20.0,1,0.0,209,random,1745,1696,0.883298594766687,0.9063909527173369,0.41585263925011756,nan,nan,326,126,1,12.207122564315796
random,95,pod,cnn,12,7,"(64,)","(8,)",15,128,2,relu,0.0,2.9102996688182985e-05,0.0,0.004655994074935221,20.0,1,0.0,235,random,2132,2112,0.5682815641173035,0.6184029176809277,0.6252940857069749,nan,nan,348,148,1,13.122968912124634
random,96,ae,gru,50,4,"(32, 32, 32)","(8,)",15,16,1,relu,0.3,4.5751216831643e-06,0.1,0.00790154903875727,20.0,1,0.0,382,random,2290,2144,0.6233565600520472,0.6854693146817602,0.5829277255860569,nan,nan,212,12,1,224.99174046516418
random,85,pod,cnn,25,16,"(32,)","(4,)",15,128,2,relu,0.3,6.0296048895116935e-06,0.05,0.0024667780854350217,20.0,1,0.0,195,random,2349,2320,0.5579175885350625,0.5990957874500781,0.6404574175570927,nan,nan,285,85,1,12.349408388137817
random,86,pod,mlp,14,5,"(32,)","(16,)",5,16,2,tanh,0.2,3.184580253464018e-05,0.5,0.0017735814476486729,20.0,1,0.0,60,random,2414,2368,0.6312482342490359,0.6781309402686287,0.5788804726983623,nan,nan,459,259,1,15.610549449920654
random,87,ae,cnn,57,10,"(32, 32)","(4,)",9,32,1,gelu,0.5,0.0010918524216667115,0.0,0.0006791848545133312,20.0,1,0.0,337,random,2773,2712,0.5871676205666815,0.6205483994874549,0.6331677271329463,nan,nan,343,143,1,260.3628444671631
random,88,ae,linear,3,83,"(16,)","(8, 16)",3,32,1,tanh,0.2,0.007983874885276878,0.25,0.000618706632706777,20.0,1,0.0,287,random,2991,2988,0.5827051517236895,0.6203040716943748,0.6261732369092875,nan,nan,265,65,1,107.34672284126282
random,89,ae,linear,36,7,"(32, 32)","(8,)",15,64,1,relu,0.3,0.045926842812619495,0.05,0.0007511348913419532,20.0,1,0.0,34,random,3060,3024,0.6483447436254791,0.6749974772824342,0.5867490632697481,nan,nan,283,84,1,207.89634895324707
random,90,ae,mlp,4,15,"(16, 16)","(32, 64)",5,16,1,tanh,0.0,1.9112739155740364e-05,0.5,0.0031526551161270614,20.0,1,0.0,336,random,3236,3200,0.5938876719100767,0.6158924528243668,0.6324236413083087,nan,nan,206,6,1,112.00773119926453
random,91,pod,linear,3,90,"(64,)","(4,)",15,128,2,gelu,0.0,0.0016763594279538138,0.0,0.012392840668916843,20.0,1,0.0,366,random,3243,3240,0.7319592846588545,0.7823386870032125,0.5138069590087889,nan,nan,216,16,1,8.943581581115723
random,92,pod,mlp,36,3,"(32, 32)","(8,)",5,8,2,relu,0.5,1.123196913172146e-05,0.05,0.013203992232613882,20.0,1,0.0,37,random,3428,3328,0.6414246903659753,0.6845507133446035,0.5800686657920366,nan,nan,329,130,1,14.614262342453003
random,93,ae,mlp,20,3,"(64,)","(4,)",15,16,2,relu,0.2,6.6793222437430114e-06,0.1,0.0003425850807307686,20.0,1,0.0,284,random,3668,3584,0.6194605687925733,0.6796618684053738,0.5785313005519741,nan,nan,371,171,1,183.09988856315613
random,94,pod,mlp,4,4,"(32, 32, 32)","(16,)",5,16,2,gelu,0.2,0.016555537635504453,0.25,0.0004724533752367842,20.0,1,0.0,196,random,3812,3712,1.0000199728082921,1.0096567441137192,-0.10308320772918834,nan,nan,201,3,1,11.400136232376099
random,95,pod,linear,115,3,"(64, 64)","(4,)",15,32,1,gelu,0.0,0.014701772466199378,0.5,0.009944101935163329,20.0,1,0.0,136,random,4255,4140,0.9857612898290784,0.9969451917291732,0.40003248216557935,nan,nan,202,2,1,11.07578420639038
random,96,ae,mlp,5,8,"(32, 32)","(8,)",9,8,2,tanh,0.2,0.0014229485055383356,0.5,0.0045434000229846285,20.0,1,0.0,334,random,4325,4256,0.6027515576071922,0.6343970519940906,0.6168739376164815,nan,nan,293,93,1,168.900230884552
random,97,pod,gru,3,29,"(16,)","(16,)",15,32,1,gelu,0.5,1.8889689885394222e-07,0.05,0.025441596363676156,20.0,1,0.0,100,random,4515,4320,0.6015774428976701,0.6744304172119121,0.580973159280895,nan,nan,217,17,1,10.96477222442627
random,98,ae,linear,18,20,"(32, 32)","(4,)",3,64,1,relu,0.1,3.41429895670996e-07,0.25,0.0004367979565335137,20.0,1,0.0,349,random,4338,4320,0.576983816071794,0.6007375768036262,0.6416258501630421,nan,nan,317,117,1,179.67038488388062
random,85,pod,mlp,90,38,"(8,)","(8,)",9,128,1,tanh,0.3,2.827599048731795e-06,0.0,0.008735372344112716,20.0,1,0.0,66,random,4466,4368,0.6103360643894664,0.661781390802607,0.5940008316087901,nan,nan,402,202,1,15.421817541122437
random,86,pod,gru,6,4,"(32, 32)","(8,)",3,32,1,relu,0.0,0.004782650287226767,0.0,0.0163675457512594,20.0,1,0.0,56,random,4614,4416,0.924438710115005,0.9395569981051106,0.40232759292177867,nan,nan,203,3,1,11.565598249435425
random,87,pod,gru,27,82,"(64, 64)","(16,)",15,32,1,relu,0.0,3.289455551164087e-05,0.05,0.0030003057076730074,20.0,1,0.0,187,random,5307,5088,0.575798521307374,0.665968984164396,0.5876014379139796,nan,nan,311,111,1,15.895692348480225
random,88,pod,cnn,49,6,"(8,)","(16,)",3,128,2,relu,0.1,6.032314977296702e-07,0.1,0.006536415034716086,20.0,1,0.0,322,random,5345,5280,0.5796113177331114,0.6411994063510918,0.606151352735178,nan,nan,267,67,1,12.33439016342163
random,89,pod,cnn,19,11,"(128, 128)","(8, 16)",15,8,2,tanh,0.1,0.0012116457369221892,0.05,0.007755179983457932,20.0,1,0.0,98,random,6747,6704,0.6243363903152483,0.6652224113898705,0.598779340941475,nan,nan,236,36,1,12.240503549575806
random,90,pod,cnn,2,82,"(16, 16)","(16, 32)",3,8,1,gelu,0.3,0.001062386258996081,0.1,0.020325075846484714,20.0,1,0.0,177,random,7410,7360,0.6167242625988267,0.6498107790718068,0.6025555760634346,nan,nan,202,2,1,10.86463451385498
random,91,ae,linear,46,14,"(32, 32, 32)","(16, 32)",15,32,1,relu,0.3,0.004020828077033661,0.25,0.015497606752986183,20.0,1,0.0,89,random,7774,7728,0.5795922795137998,0.6052155918090566,0.6389171883079127,nan,nan,278,109,1,191.67099475860596
random,92,pod,mlp,81,34,"(16,)","(16,)",15,32,1,relu,0.3,0.00019583494912126306,0.5,0.015340524257994034,20.0,1,0.0,274,random,7921,7824,0.5934301238611378,0.6278726951445227,0.6336906316709626,nan,nan,262,62,1,12.532930135726929
random,93,ae,linear,113,6,"(16,)","(8,)",9,128,2,gelu,0.5,0.003891894469736794,0.0,0.0003742450816719617,20.0,1,0.0,157,random,8249,8136,0.6343012411069091,0.6607393330790179,0.5957496987815775,nan,nan,415,226,1,380.38108563423157
random,94,ae,gru,3,28,"(128, 128)","(8, 16)",3,32,2,relu,0.2,0.000443854053010113,0.05,0.0027552429743198446,20.0,1,0.0,281,random,10851,8544,0.5871392022218039,0.6249586786538063,0.6239786430127567,nan,nan,205,5,1,109.94171357154846
random,95,pod,cnn,33,11,"(32,)","(16,)",15,32,1,gelu,0.1,0.015495503681640783,0.5,0.026405160968440207,20.0,1,0.0,375,random,8737,8688,0.7865267655081026,0.8075849199729931,0.5169708103710371,nan,nan,201,1,1,10.510536670684814
random,96,ae,gru,10,74,"(32, 32, 32)","(32, 64)",9,32,2,relu,0.2,4.494371669041043e-05,0.0,0.0010837479374431682,20.0,1,0.0,165,random,11082,8768,0.5758709587404716,0.6270610388936639,0.6252805090957672,nan,nan,210,10,1,180.3868863582611
random,97,pod,linear,116,8,"(32,)","(4,)",3,64,2,relu,0.3,1.7117728945809952e-05,0.1,0.0019752594903412095,20.0,1,0.0,83,random,11252,11136,0.6105370013859901,0.6417020115474279,0.60987463385978,nan,nan,716,517,1,20.170695543289185
random,98,pod,linear,21,45,"(32,)","(4,)",5,64,1,tanh,0.0,3.49875394007766e-07,0.1,0.007012527394803549,20.0,1,0.0,109,random,11361,11340,0.5498484677665473,0.6079306758017483,0.6329591957057495,nan,nan,386,186,1,12.530552625656128
random,99,ae,mlp,126,57,"(16, 16)","(8, 16)",3,8,2,gelu,0.2,2.8335601239825277e-07,0.25,0.0017222424443062857,20.0,1,0.0,84,random,13374,13216,0.5509187208053591,0.6277725932903735,0.6291873823458323,nan,nan,278,78,1,423.11801314353943
screen,0,pod,gru,16,25,"(32, 32)","(16, 32)",5,32,1,tanh,0.0,1.0,0.0,0.003,,1,0.0,0,weight_decay,4944,4736,1.000001305682549,1.0048323706893056,-0.04474239165958087,nan,nan,203,4,1,35.46446633338928
screen,1,pod,gru,16,25,"(32, 32)","(16, 32)",5,32,1,tanh,0.0,3.0,0.0,0.003,,1,0.0,0,weight_decay,4944,4736,1.0000014182091768,1.004832461770421,-0.04770511538794736,nan,nan,203,4,1,10.317924976348877
screen,2,pod,linear,16,25,"(32, 32)","(16, 32)",5,32,1,tanh,0.0,1.0,0.0,0.003,,1,0.0,0,weight_decay,4816,4800,0.9993168571647226,1.004189022853314,0.2882375807379604,nan,nan,202,12,1,7.241629123687744
screen,3,pod,linear,16,25,"(32, 32)","(16, 32)",5,32,1,tanh,0.0,3.0,0.0,0.003,,1,0.0,0,weight_decay,4816,4800,0.9997719101929998,1.0046051588457316,0.17393945962519267,nan,nan,202,12,1,7.235300540924072
screen,4,ae,linear,16,25,"(32, 32)","(16, 32)",5,32,1,tanh,0.0,1.0,0.0,0.003,,1,0.0,0,weight_decay,4816,4800,0.806543882145599,0.8457341346241596,0.4689826806298663,nan,nan,274,74,1,205.1141848564148
screen,5,ae,linear,16,25,"(32, 32)","(16, 32)",5,32,1,tanh,0.0,3.0,0.0,0.003,,1,0.0,0,weight_decay,4816,4800,0.8882243129653261,0.9384364160360312,0.39993758561918075,nan,nan,234,34,1,8.069014310836792
screen,6,pod,mlp,16,25,"(32, 32)","(16, 32)",5,32,1,tanh,0.0,1.0,0.0,0.003,,1,0.0,0,weight_decay,11216,11136,0.9999846076511834,1.004795900113479,0.08366676455945735,nan,nan,201,1,1,8.617637157440186
screen,7,pod,mlp,16,25,"(32, 32)","(16, 32)",5,32,1,tanh,0.0,3.0,0.0,0.003,,1,0.0,0,weight_decay,11216,11136,0.9999884173784604,1.0047994000468337,0.06800716609990735,nan,nan,201,1,1,8.620180368423462
screen,8,ae,mlp,16,25,"(32, 32)","(16, 32)",5,32,1,tanh,0.0,1.0,0.0,0.003,,1,0.0,0,weight_decay,11216,11136,1.065137869092817,1.0808408618946355,-3.05085498483308e-17,nan,nan,209,9,1,9.14436936378479
screen,9,ae,mlp,16,25,"(32, 32)","(16, 32)",5,32,1,tanh,0.0,3.0,0.0,0.003,,1,0.0,0,weight_decay,11216,11136,1.0923227498869423,1.1107091790685077,0.003428904264257162,nan,nan,205,5,1,9.058618783950806
screen,10,pod,cnn,16,25,"(32, 32)","(16, 32)",5,32,1,tanh,0.0,1.0,0.0,0.003,,1,0.0,0,weight_decay,16384,16320,0.9999967016866684,1.0048283590983906,0.0027815000894371657,nan,nan,201,1,1,11.640820741653442
screen,11,pod,cnn,16,25,"(32, 32)","(16, 32)",5,32,1,tanh,0.0,3.0,0.0,0.003,,1,0.0,0,weight_decay,16384,16320,0.9999999391868516,1.0048312393828296,-0.02050917982508049,nan,nan,201,1,1,9.15148115158081
screen,12,pod,gru,16,25,"(32, 32)","(16, 32)",5,32,1,tanh,0.0,0.0,0.0,0.003,20.0,1,0.0,0,band_hz,4944,4736,0.5506176818420186,0.6669935154788792,0.5855807500263256,nan,nan,317,117,1,15.069544076919556
screen,13,pod,linear,16,25,"(32, 32)","(16, 32)",5,32,1,tanh,0.0,0.0,0.0,0.003,20.0,1,0.0,0,band_hz,4816,4800,0.5638466135914042,0.5969341745576121,0.6424481630679604,nan,nan,512,327,1,11.972638607025146
screen,14,ae,linear,16,25,"(32, 32)","(16, 32)",5,32,1,tanh,0.0,0.0,0.0,0.003,20.0,1,0.0,0,band_hz,4816,4800,0.5632172523641074,0.6039518984304206,0.6415285838748934,nan,nan,287,87,1,181.22292041778564
screen,15,pod,mlp,16,25,"(32, 32)","(16, 32)",5,32,1,tanh,0.0,0.0,0.0,0.003,20.0,1,0.0,0,band_hz,11216,11136,0.5427049412006566,0.6438282521234796,0.6066897058911978,nan,nan,329,129,1,11.284944534301758
screen,16,ae,mlp,16,25,"(32, 32)","(16, 32)",5,32,1,tanh,0.0,0.0,0.0,0.003,20.0,1,0.0,0,band_hz,11216,11136,0.5749637961313991,0.6242540287647981,0.6265422164012584,nan,nan,206,6,1,8.776652097702026
screen,17,pod,cnn,16,25,"(32, 32)","(16, 32)",5,32,1,tanh,0.0,0.0,0.0,0.003,20.0,1,0.0,0,band_hz,16384,16320,0.5507926067745614,0.6379133449021108,0.6105891864241028,nan,nan,217,17,1,9.273847103118896
screen,18,pod,gru,16,25,"(32, 32)","(16, 32)",5,32,1,tanh,0.0,0.0,0.0,0.003,30.0,1,0.0,0,band_hz,4944,4736,0.5593717704111106,0.6777350210599105,0.5746248450770034,nan,nan,339,139,1,15.713156938552856
screen,19,pod,linear,16,25,"(32, 32)","(16, 32)",5,32,1,tanh,0.0,0.0,0.0,0.003,30.0,1,0.0,0,band_hz,4816,4800,0.5603176770343525,0.6096333068117878,0.6301270210392128,nan,nan,638,444,1,13.992307901382446
screen,20,ae,linear,16,25,"(32, 32)","(16, 32)",5,32,1,tanh,0.0,0.0,0.0,0.003,30.0,1,0.0,0,band_hz,4816,4800,0.5515555804256735,0.6125345208832983,0.6315490857096119,nan,nan,287,87,1,193.4661283493042
screen,21,pod,mlp,16,25,"(32, 32)","(16, 32)",5,32,1,tanh,0.0,0.0,0.0,0.003,30.0,1,0.0,0,band_hz,11216,11136,0.5561401051591117,0.6522375680638435,0.597662135592033,nan,nan,325,125,1,11.177746057510376
screen,22,ae,mlp,16,25,"(32, 32)","(16, 32)",5,32,1,tanh,0.0,0.0,0.0,0.003,30.0,1,0.0,0,band_hz,11216,11136,0.5703974219622062,0.6301888608784028,0.6187997383726639,nan,nan,206,6,1,8.7823486328125
screen,23,pod,cnn,16,25,"(32, 32)","(16, 32)",5,32,1,tanh,0.0,0.0,0.0,0.003,30.0,1,0.0,0,band_hz,16384,16320,0.5573734648035976,0.6530875104837,0.5951720291778371,nan,nan,219,19,1,9.3491051197052
screen,24,pod,gru,16,25,"(32, 32)","(16, 32)",5,32,1,tanh,0.0,0.0,0.0,0.003,40.0,1,0.0,0,band_hz,4944,4736,0.5865388479468078,0.7032024910377765,0.552810886889296,nan,nan,388,188,1,17.113078594207764
screen,25,pod,linear,16,25,"(32, 32)","(16, 32)",5,32,1,tanh,0.0,0.0,0.0,0.003,40.0,1,0.0,0,band_hz,4816,4800,0.5982455019413934,0.6441148205508527,0.6015627170318615,nan,nan,593,521,1,13.250127077102661
screen,26,ae,linear,16,25,"(32, 32)","(16, 32)",5,32,1,tanh,0.0,0.0,0.0,0.003,40.0,1,0.0,0,band_hz,4816,4800,0.5831417084935954,0.6435788820199817,0.6067011069144918,nan,nan,287,87,1,228.18508219718933
screen,27,pod,mlp,16,25,"(32, 32)","(16, 32)",5,32,1,tanh,0.0,0.0,0.0,0.003,40.0,1,0.0,0,band_hz,11216,11136,0.5889455557422831,0.6858859846340055,0.5682656359745862,nan,nan,338,138,1,11.463080167770386
screen,28,ae,mlp,16,25,"(32, 32)","(16, 32)",5,32,1,tanh,0.0,0.0,0.0,0.003,40.0,1,0.0,0,band_hz,11216,11136,0.6048872815464997,0.6687077989067416,0.5872640410486394,nan,nan,207,7,1,8.798790216445923
screen,29,pod,cnn,16,25,"(32, 32)","(16, 32)",5,32,1,tanh,0.0,0.0,0.0,0.003,40.0,1,0.0,0,band_hz,16384,16320,0.5603808192979451,0.6856055207906874,0.5673107162974381,nan,nan,235,35,1,9.739866256713867
screen,30,pod,gru,16,25,"(32, 32)","(16, 32)",5,32,1,tanh,0.0,0.0,0.0,0.003,60.0,1,0.0,0,band_hz,4944,4736,0.6350144051389682,0.7504411218535655,0.50872302478047,nan,nan,362,166,1,16.337364435195923
screen,31,pod,linear,16,25,"(32, 32)","(16, 32)",5,32,1,tanh,0.0,0.0,0.0,0.003,60.0,1,0.0,0,band_hz,4816,4800,0.6415270701173188,0.6821830100583015,0.5684692865259077,nan,nan,593,393,1,13.515985488891602
screen,32,ae,linear,16,25,"(32, 32)","(16, 32)",5,32,1,tanh,0.0,0.0,0.0,0.003,60.0,1,0.0,0,band_hz,4816,4800,0.6266246293711571,0.6817657721131045,0.5731086935630204,nan,nan,287,87,1,207.63609504699707
screen,33,pod,mlp,16,25,"(32, 32)","(16, 32)",5,32,1,tanh,0.0,0.0,0.0,0.003,60.0,1,0.0,0,band_hz,11216,11136,0.6350178291974697,0.7152434396283676,0.5408357623855415,nan,nan,328,136,1,11.588576793670654
screen,34,ae,mlp,16,25,"(32, 32)","(16, 32)",5,32,1,tanh,0.0,0.0,0.0,0.003,60.0,1,0.0,0,band_hz,11216,11136,0.6429907635849018,0.7024877398627095,0.5567025707365507,nan,nan,207,7,1,9.110475540161133
screen,35,pod,cnn,16,25,"(32, 32)","(16, 32)",5,32,1,tanh,0.0,0.0,0.0,0.003,60.0,1,0.0,0,band_hz,16384,16320,0.6358003979959366,0.7118335728682205,0.5421606486541766,nan,nan,219,19,1,9.591185092926025
pair,0,pod,mlp,16,25,"(8,)","(16, 32)",5,32,1,tanh,0.0,0.001,0.0,0.003,,1,0.0,0,hiddenxweight_decay,2552,2528,0.9351201865254523,0.9436436410773243,0.4482162210209957,nan,nan,373,173,1,31.506577968597412
pair,1,pod,mlp,16,25,"(8,)","(16, 32)",5,32,1,tanh,0.0,0.1,0.0,0.003,,1,0.0,0,hiddenxweight_decay,2552,2528,0.9988833461591584,1.003866200642445,0.21636836133180504,nan,nan,201,1,1,8.676986455917358
pair,2,pod,mlp,16,25,"(8,)","(16, 32)",5,32,1,tanh,0.0,3.0,0.0,0.003,,1,0.0,0,hiddenxweight_decay,2552,2528,0.9999557564988069,1.0048398303150554,0.04503346385824268,nan,nan,201,1,1,8.649858713150024
pair,3,pod,mlp,16,25,"(32,)","(16, 32)",5,32,1,tanh,0.0,0.001,0.0,0.003,,1,0.0,0,hiddenxweight_decay,10160,10112,0.8455598240603232,0.8599303603860111,0.4775710681615959,nan,nan,324,124,1,11.43997073173523
pair,4,pod,mlp,16,25,"(32,)","(16, 32)",5,32,1,tanh,0.0,0.1,0.0,0.003,,1,0.0,0,hiddenxweight_decay,10160,10112,0.999202786374394,1.00411704644934,0.2660844723262763,nan,nan,201,1,1,8.670013189315796
pair,5,pod,mlp,16,25,"(32,)","(16, 32)",5,32,1,tanh,0.0,3.0,0.0,0.003,,1,0.0,0,hiddenxweight_decay,10160,10112,0.999947640674022,1.00478981122835,0.08043225862624956,nan,nan,201,1,1,8.68185043334961
pair,6,pod,mlp,16,25,"(128, 128)","(16, 32)",5,32,1,tanh,0.0,0.001,0.0,0.003,,1,0.0,0,hiddenxweight_decay,57104,56832,0.7648514818593297,0.7880761898612371,0.4848749284054261,nan,nan,297,97,1,11.941173076629639
pair,7,pod,mlp,16,25,"(128, 128)","(16, 32)",5,32,1,tanh,0.0,0.1,0.0,0.003,,1,0.0,0,hiddenxweight_decay,57104,56832,0.9999957968505294,1.0048234693845879,0.11894031452011675,nan,nan,201,1,1,9.417564630508423
pair,8,pod,mlp,16,25,"(128, 128)","(16, 32)",5,32,1,tanh,0.0,3.0,0.0,0.003,,1,0.0,0,hiddenxweight_decay,57104,56832,0.9999987825929213,1.0048265134305963,0.049423053116730474,nan,nan,201,1,1,9.433743715286255
random,0,pod,cnn,3,10,"(16,)","(4,)",5,64,1,gelu,0.0,0.03618309936970268,0.0,0.0131621680526711,,1,0.0,28,random,367,360,0.999983906924779,1.004819038989363,0.14141881345679014,nan,nan,201,1,1,27.665687561035156
random,1,ae,cnn,3,14,"(16,)","(4,)",15,64,1,relu,0.0,0.0037083887470647074,0.0,0.0004092311609403474,,1,0.0,49,random,895,888,0.7099850578709233,0.746385437146765,0.5155419773025804,nan,nan,315,115,1,194.58461022377014
random,2,pod,gru,3,52,"(8,)","(16,)",9,16,2,gelu,0.1,0.0013959503351027214,0.25,0.0021007677783343253,,1,0.0,26,random,3123,2736,0.8911476407194957,0.9049883356394647,0.44558513729223115,nan,nan,394,194,1,20.191251516342163
random,3,ae,gru,6,38,"(32, 32)","(16,)",5,16,2,relu,0.2,0.26461975673579075,0.0,0.008195279785583258,,1,0.0,73,random,3174,2784,1.0096408784071906,1.0140000968836724,-0.01893856557106609,nan,nan,204,4,1,103.69193410873413
random,4,pod,cnn,29,22,"(32,)","(4,)",9,16,1,relu,0.3,2.663512498336223,0.05,0.021116015371224497,,1,0.0,36,random,3017,2984,0.9999988486401394,1.0048319082962711,0.008424656215093793,nan,nan,201,13,1,10.6167573928833
random,5,ae,cnn,31,3,"(32, 32)","(16,)",9,128,2,tanh,0.3,0.006486459523479783,0.5,0.0004411658657873623,,1,0.0,61,random,3263,3216,0.7690904651991426,0.8108396625892643,0.44580799446521985,nan,nan,290,107,1,274.66372084617615
random,6,ae,cnn,4,63,"(8,)","(8,)",15,8,2,gelu,0.1,0.00409825259140562,0.1,0.00800034133519314,,1,0.0,35,random,3468,3456,0.7076522862298666,0.7527234624397259,0.5030995513413643,nan,nan,205,5,1,112.76829791069031
random,7,ae,linear,4,81,"(16,)","(4,)",5,128,1,gelu,0.3,0.0010553911734831679,0.05,0.013339049064998759,,1,0.0,40,random,3892,3888,0.6899078549508394,0.7431689250519052,0.5127004227260135,nan,nan,333,133,1,10.254664897918701
random,8,ae,gru,107,33,"(16, 16)","(16,)",15,16,2,gelu,0.5,6.202823690762416e-06,0.0,0.0051239484910883875,,1,0.0,75,random,4891,4400,0.7403060082323387,0.7885867505376531,0.5010124287013237,nan,nan,206,6,1,635.7679574489594
random,9,pod,cnn,6,77,"(64, 64)","(16,)",3,64,2,relu,0.3,8.255703187123821e-05,0.0,0.004226129416814117,,1,0.0,54,random,7990,7968,0.7095055401247857,0.7517844219441833,0.5033165628765766,nan,nan,216,16,1,10.259877443313599
random,10,ae,gru,11,70,"(16,)","(32, 64)",3,32,2,gelu,0.2,0.23699600775570479,0.0,0.0016114378869264401,,1,0.0,15,random,11115,8800,1.0163208066525071,1.0221935413941994,1.2906257624934248e-17,nan,nan,234,35,1,186.11487221717834
random,11,ae,mlp,95,13,"(32, 32)","(32, 64)",3,32,1,gelu,0.5,0.03893592357553879,0.1,0.001292646599520262,,1,0.0,62,random,9215,9056,1.0062647099983364,1.0122300068417989,-1.6409629908455244e-17,nan,nan,241,41,1,574.8578796386719
random,12,pod,cnn,7,10,"(16, 16)","(16, 32)",15,64,2,gelu,0.3,0.0037960485687935424,0.05,0.004623487182030959,,1,0.0,14,random,12855,12800,0.7292636860409967,0.7587497811707544,0.49658863624394606,nan,nan,262,62,1,13.317948818206787
random,13,ae,cnn,10,18,"(32, 32)","(32, 64)",3,32,1,gelu,0.2,0.46661589079331633,0.0,0.022936838979836095,,1,0.0,52,random,18922,18816,1.0121161559006484,1.0211567050581103,-1.6723462834412232e-17,nan,nan,218,18,1,154.77594423294067
random,14,pod,cnn,45,27,"(16,)","(8, 16)",5,32,1,tanh,0.3,0.07203678598173849,0.5,0.007173394716593203,,1,0.0,65,random,20629,20560,1.0000000037292458,1.0048280783664822,-0.01707967899070941,nan,nan,201,27,1,11.713979959487915
random,15,ae,mlp,10,4,"(128, 128)","(16, 32)",9,128,2,tanh,0.5,0.00036186505424293106,0.1,0.01140648649656388,,1,0.0,76,random,24074,23808,0.7303178055734102,0.7740268253645832,0.4848697158952654,nan,nan,303,103,1,12.480277299880981
random,16,ae,cnn,47,30,"(128, 128)","(16,)",15,32,2,tanh,0.0,0.07020036261062972,0.5,0.002132228457509431,,1,0.0,41,random,25503,25440,0.7465107864764605,0.7711982921976506,0.4897517292911299,nan,nan,211,11,1,409.3079161643982
random,17,ae,cnn,2,34,"(32,)","(32, 64)",9,8,2,gelu,0.3,0.006270531907204169,0.05,0.006539261419744401,,1,0.0,63,random,26338,26240,0.7338889775924343,0.7560652384650401,0.5069751475581987,nan,nan,201,1,1,91.64569902420044
random,18,ae,gru,4,28,"(32,)","(8, 16)",3,64,2,gelu,0.3,1.7128963049478578,0.0,0.0029996245684621513,,1,0.0,21,random,40196,29440,1.0884724594418904,1.0976079028782841,1.3294708481570333e-17,nan,nan,224,24,1,13.049454689025879
random,19,pod,mlp,3,77,"(32, 32)","(8,)",9,16,2,relu,0.5,0.006001152653762748,0.1,0.007945018319886839,,1,0.0,31,random,30755,30688,0.7794554305923148,0.8152994289674809,0.46801941704794997,nan,nan,296,96,1,12.131742715835571
random,20,ae,linear,64,43,"(8,)","(8,)",3,64,2,tanh,0.0,0.00015033875760704472,0.1,0.002386711842492907,,1,0.0,5,random,33088,33024,0.6866650854212987,0.7694801078958408,0.502016717930871,nan,nan,316,116,1,521.5268821716309
random,21,pod,gru,10,4,"(32, 32)","(32, 64)",15,128,1,tanh,0.3,0.013221671929134805,0.0,0.011345184579352827,,1,0.0,48,random,55818,55040,0.9999595891972171,1.0047921733720935,0.2788461837931752,nan,nan,201,1,1,11.827706098556519
random,22,pod,gru,17,76,"(32,)","(4,)",5,128,2,tanh,0.3,0.0006124872641756721,0.05,0.025659336151721963,,1,0.0,12,random,155793,109696,0.735794099975808,0.7957303413453098,0.4612789461321238,nan,nan,242,42,1,15.601552963256836
random,23,pod,mlp,2,3,"(8,)","(16, 32)",9,64,1,relu,0.3,2.87772752332176,0.05,0.027465779697794863,20.0,1,0.0,2,random,314,304,0.9999964994807271,1.0096071655798524,0.06912099661201851,nan,nan,201,1,1,9.877641201019287
random,24,pod,cnn,9,16,"(32, 32, 32)","(8,)",5,64,1,tanh,0.1,0.002958573392434491,0.1,0.006621049910535043,20.0,1,0.0,44,random,1649,1632,0.7202013797981852,0.7441920474451953,0.5844667476304252,nan,nan,233,33,1,11.020684719085693
random,25,pod,mlp,14,5,"(32,)","(16,)",5,16,2,tanh,0.2,0.0005036112604020262,0.5,0.0017735814476486729,20.0,1,0.0,60,random,2414,2368,0.711971760395591,0.7434915111648417,0.5575824352729855,nan,nan,392,192,1,14.452313661575317
random,26,ae,linear,36,7,"(32, 32)","(8,)",15,64,1,relu,0.3,1.29513580748707,0.05,0.0007511348913419532,20.0,1,0.0,34,random,3060,3024,0.8084521795913718,0.8479639772860366,0.4877885666001754,nan,nan,225,25,1,219.08685994148254
random,27,pod,mlp,36,3,"(32, 32)","(8,)",5,8,2,relu,0.5,0.00016349654638848741,0.05,0.013203992232613882,20.0,1,0.0,37,random,3428,3328,0.6617906212717982,0.7011667122021901,0.5709697414974494,nan,nan,291,91,1,13.945966005325317
random,28,pod,mlp,90,38,"(8,)","(8,)",9,128,1,tanh,0.3,3.6883733550092365e-05,0.0,0.008735372344112716,20.0,1,0.0,66,random,4466,4368,0.6259597810517306,0.6731075585670064,0.5962225355096675,nan,nan,433,233,1,16.683775663375854
random,29,pod,gru,6,4,"(32, 32)","(8,)",3,32,1,relu,0.0,0.11266703196810718,0.0,0.0163675457512594,20.0,1,0.0,56,random,4614,4416,1.0000030091850407,1.0096065058659254,-0.014764291819955783,nan,nan,201,5,1,11.855313777923584
random,30,ae,gru,38,44,"(8,)","(32, 64)",15,64,1,relu,0.3,2.880578004390074e-05,0.1,0.0020512447339813954,20.0,1,0.0,27,random,17446,17024,0.5852083221839156,0.6307128110983757,0.6292212653937608,nan,nan,205,5,1,213.59864902496338
random,31,ae,cnn,125,82,"(8,)","(16,)",15,64,1,relu,0.2,0.12292189978364915,0.1,0.0020250369566153083,20.0,1,0.0,8,random,167021,166880,0.6548863044029646,0.7105391885776008,0.5559042091515985,nan,nan,258,58,1,400.14485573768616
random,32,ae,cnn,6,2,"(8,)","(4,)",3,128,2,gelu,0.2,0.05309305069922434,0.25,0.0036675094170285903,30.0,1,0.0,0,random,202,192,0.6949736147094979,0.7554982424101152,0.5060165877180421,nan,nan,249,49,1,130.2304036617279
random,33,ae,linear,4,10,"(32, 32)","(16,)",15,8,1,relu,0.2,0.00027853284505698176,0.25,0.007836465415893454,30.0,1,0.0,64,random,484,480,0.5882815616611561,0.6215002585683983,0.6287925689559279,nan,nan,276,76,1,116.13592767715454
random,34,ae,gru,5,65,"(32,)","(8,)",3,8,1,gelu,0.1,0.0062573458706364025,0.5,0.01248943541534272,30.0,1,0.0,13,random,573,520,0.5806430039663589,0.6379726675615573,0.6095628136003944,nan,nan,277,77,1,188.87900519371033
random,35,ae,cnn,4,9,"(32, 32, 32)","(4,)",9,64,1,tanh,0.1,0.4548958769370275,0.05,0.0026407174069719448,30.0,1,0.0,22,random,584,576,0.6366885959072381,0.6656799956520867,0.588539564744786,nan,nan,216,16,1,9.531164646148682
random,36,pod,cnn,3,34,"(32, 32)","(8,)",5,128,1,gelu,0.5,0.004526580832656525,0.05,0.018826465172277443,30.0,1,0.0,33,random,1307,1296,0.6259045173018556,0.6663418193073928,0.5933711537645834,nan,nan,230,30,1,10.995569467544556
random,37,ae,linear,3,36,"(64,)","(32, 64)",15,128,1,relu,0.5,2.8947457258182326e-05,0.0,0.0024219715244608933,30.0,1,0.0,72,random,1299,1296,0.5861455411891192,0.6256959745388939,0.6211404005653044,nan,nan,262,62,1,126.27553868293762
random,38,pod,linear,30,6,"(32, 32, 32)","(16, 32)",9,128,2,tanh,0.0,2.4274848057300186e-06,0.5,0.0017324562309656507,30.0,1,0.0,16,random,2190,2160,0.622252041422533,0.6677135323375346,0.5852212254714637,nan,nan,931,731,1,22.854200839996338
random,39,ae,gru,20,9,"(64, 64)","(8,)",9,16,2,relu,0.1,9.201735035634803e-05,0.05,0.0050327427597133415,30.0,1,0.0,51,random,3412,3008,0.6077704306603544,0.6455574450883954,0.6096943291346258,nan,nan,205,5,1,222.71439290046692
random,40,ae,linear,18,15,"(32,)","(4,)",9,128,1,relu,0.2,0.10105145327073228,0.0,0.027142677238421738,30.0,1,0.0,20,random,3258,3240,0.5961269478799773,0.6337941816159905,0.6137280934829248,nan,nan,286,86,1,202.6392593383789
random,41,ae,linear,90,3,"(64, 64)","(8, 16)",3,8,1,tanh,0.5,0.012792285403393246,0.5,0.0006371007071281512,30.0,1,0.0,23,random,3330,3240,0.6852949540589238,0.7515372276320169,0.5117572258814378,nan,nan,311,112,1,341.6023819446564
random,42,ae,gru,2,6,"(8,)","(8, 16)",5,32,2,gelu,0.0,0.11497646179310213,0.05,0.0005455923902214353,30.0,1,0.0,69,random,10818,8512,0.673266791894909,0.7216012578163701,0.5541827070272348,nan,nan,273,73,1,123.85663771629333
random,43,pod,mlp,10,5,"(64, 64)","(8,)",15,32,1,gelu,0.0,1.426066184439336,0.1,0.00034529111072272137,30.0,1,0.0,70,random,8714,8576,0.9999139191510116,1.007265601415578,0.031277896297711126,nan,nan,201,1,1,10.427858591079712
random,44,ae,gru,35,9,"(32, 32)","(32, 64)",3,32,2,gelu,0.2,0.0001022054950826239,0.1,0.018034201731967667,30.0,1,0.0,3,random,11907,9568,0.6363501678975891,0.6790230459911304,0.5979442115531303,nan,nan,201,1,1,250.2971384525299
random,45,pod,mlp,116,42,"(16, 16)","(4,)",5,128,1,relu,0.5,0.510897079964138,0.0,0.001464578709879542,30.0,1,0.0,17,random,10324,10176,1.0000087834302547,1.0073165978736567,0.02906753645580109,nan,nan,204,22,1,13.032557249069214
random,46,ae,linear,12,92,"(128, 128)","(8, 16)",15,32,2,relu,0.3,0.8299221976081155,0.0,0.016021151856993848,30.0,1,0.0,29,random,13260,13248,0.7032118347273018,0.7683927987498304,0.5667446740581353,nan,nan,326,126,1,164.15039730072021
random,47,pod,mlp,5,37,"(64,)","(16,)",9,8,2,tanh,0.0,0.00019264683362382742,0.25,0.002140738117986655,30.0,1,0.0,39,random,28805,28736,0.5814742074278242,0.6393019723713687,0.6131416844711299,nan,nan,362,162,1,13.42102575302124
random,48,pod,gru,6,4,"(16, 16)","(16,)",9,64,2,tanh,0.3,0.0002448508888894689,0.05,0.004017410423692187,30.0,1,0.0,47,random,40326,29568,0.6174346209050625,0.6900807124041806,0.5667436435410825,nan,nan,266,66,1,15.744226694107056
random,49,pod,gru,9,3,"(32, 32, 32)","(8, 16)",9,64,2,relu,0.2,1.5240470556016688,0.0,0.002126074626329085,30.0,1,0.0,7,random,40521,29760,0.9999951320415554,1.0072620928352907,0.016387731750813143,nan,nan,201,1,1,13.156745672225952
random,50,ae,gru,27,10,"(8,)","(16,)",9,64,2,tanh,0.2,0.055845988905449145,0.25,0.0025284645729085372,30.0,1,0.0,45,random,41691,30912,0.8179176805619748,0.8392219629325113,0.41903157807482055,nan,nan,230,30,1,230.17321491241455
random,51,ae,mlp,5,78,"(32, 32, 32)","(4,)",3,8,2,tanh,0.2,5.1815827961305424e-05,0.5,0.013756558069371571,30.0,1,0.0,42,random,32261,32160,0.5811602815920095,0.6741228132401895,0.5814326666187344,nan,nan,270,70,1,12.776434898376465
random,52,pod,cnn,15,4,"(8,)","(32, 64)",15,32,2,relu,0.5,0.00815336707455761,0.0,0.013885353908462454,30.0,1,0.0,53,random,40431,40320,0.9999997836473085,1.0072763042136075,0.06034752501532746,nan,nan,201,1,1,11.271591186523438
random,53,ae,gru,4,28,"(32,)","(4,)",9,128,1,gelu,0.1,0.7867503967385141,0.1,0.004303215390860323,30.0,1,0.0,19,random,55044,54272,1.047014821274638,1.0564800666585903,3.7015908872521363e-17,nan,nan,245,45,1,12.179642677307129
random,54,ae,mlp,2,57,"(128, 128)","(8, 16)",3,64,2,gelu,0.0,0.3898652659719823,0.0,0.001192737944875692,30.0,1,0.0,1,random,104450,104192,0.7445151143002644,0.8093991618277027,0.5060148439366603,nan,nan,326,126,1,11.927226781845093
random,55,pod,cnn,15,5,"(32,)","(4,)",9,8,1,relu,0.2,2.0827895463028567,0.0,0.0004921253214703369,40.0,1,0.0,38,random,751,732,1.0000335353923058,1.0066185691327718,-0.008104432855437669,nan,nan,204,13,1,10.009711980819702
random,56,pod,mlp,32,5,"(8,)","(16,)",9,64,2,gelu,0.1,3.9019608698514966e-05,0.0,0.002684830305291396,40.0,1,0.0,71,random,776,736,0.6463669719411976,0.6901188932631561,0.5657440730878741,nan,nan,480,280,1,16.05937910079956
random,57,pod,cnn,29,4,"(16, 16)","(4,)",9,128,2,gelu,0.1,0.3107426171874875,0.0,0.0009848762353294371,40.0,1,0.0,78,random,929,896,1.0000245690438383,1.0064683819084288,0.02008792172948715,nan,nan,201,60,1,10.196227788925171
random,58,ae,mlp,7,5,"(16,)","(8, 16)",9,16,1,gelu,0.0,0.022984336934022836,0.05,0.0041066674743408275,40.0,1,0.0,58,random,1095,1072,0.6440022481258065,0.6967367920347741,0.559406085607116,nan,nan,271,77,1,198.856862783432
random,59,ae,gru,122,4,"(16, 16)","(8,)",15,8,2,relu,0.2,0.18593398551196536,0.1,0.006128629717086628,40.0,1,0.0,25,random,2058,1936,1.0143662802866213,1.0239322468710992,1.8244618475999764e-05,nan,nan,207,8,1,442.13673520088196
random,60,ae,gru,61,10,"(16, 16)","(8,)",3,16,2,relu,0.5,0.0026227364175394016,0.1,0.0015410602451670112,40.0,1,0.0,50,random,4109,3664,0.6402263812450478,0.6804153972710923,0.5848243448059232,nan,nan,259,59,1,349.7984025478363
random,61,pod,cnn,8,32,"(8,)","(16,)",9,32,2,gelu,0.1,0.00560646355337698,0.0,0.0007440312030805664,40.0,1,0.0,24,random,5848,5824,0.671780792799186,0.7102950142916452,0.5600152620770891,nan,nan,318,118,1,12.487185001373291
random,62,pod,cnn,7,40,"(32, 32)","(8, 16)",15,8,1,relu,0.5,0.0012139230509931455,0.0,0.002158740657231125,40.0,1,0.0,30,random,7871,7840,0.5921729362787216,0.6491572996451291,0.5979853256794084,nan,nan,239,39,1,11.984135627746582
random,63,pod,gru,9,19,"(32,)","(8,)",9,32,2,relu,0.3,0.5840027980646703,0.05,0.000853957863081179,40.0,1,0.0,4,random,11049,8736,0.9999579604776118,1.006603631924765,-0.0053203891021657195,nan,nan,201,1,1,13.095952987670898
random,64,pod,gru,108,33,"(32, 32)","(32, 64)",15,32,2,gelu,0.5,0.2640311214553281,0.05,0.017951511785672298,40.0,1,0.0,43,random,14316,11904,1.0000008339034767,1.006568731427301,0.00037018805789735214,nan,nan,201,20,1,15.186403751373291
random,65,pod,mlp,13,76,"(16, 16)","(16, 32)",3,128,2,tanh,0.3,1.5266022891542935e-06,0.5,0.0003229272645396728,40.0,1,0.0,11,random,15101,15056,0.6900093386532988,0.7361564738905333,0.5357323621846715,nan,nan,1349,1154,1,41.457725048065186
random,66,pod,cnn,21,92,"(64, 64)","(8, 16)",5,32,2,gelu,0.2,1.5246389288788777e-05,0.05,0.0010484778484879163,40.0,1,0.0,77,random,32077,32032,0.5969195698022131,0.6670059952046545,0.5821037447598068,nan,nan,223,23,1,11.881380796432495
random,67,ae,cnn,62,16,"(32,)","(16, 32)",9,128,1,relu,0.5,0.0003442906023361983,0.0,0.009621022591895016,40.0,1,0.0,32,random,38190,38080,0.6281981447949051,0.7001761719284421,0.5741347857096121,nan,nan,202,2,1,362.1497013568878
random,68,pod,mlp,47,55,"(64, 64)","(16, 32)",3,32,2,gelu,0.2,0.000129058421603706,0.1,0.014703049408064411,40.0,1,0.0,79,random,49519,49344,0.5290498409492196,0.6433176723834424,0.6031233987612251,nan,nan,281,81,1,13.595202207565308
random,69,ae,gru,7,4,"(32,)","(32, 64)",5,128,1,gelu,0.2,0.9907533828637104,0.5,0.009410620527077761,40.0,1,0.0,18,random,55431,54656,1.0535035423839572,1.0658318289502775,0.3408335989359861,nan,nan,202,2,1,10.811869621276855
random,70,ae,gru,5,2,"(32, 32)","(16,)",15,8,2,tanh,0.3,8.603815138815835e-05,0.1,0.00662385795442975,60.0,1,0.0,6,random,1005,1000,0.704022399386719,0.7710756916414675,0.4998873653379361,nan,nan,224,24,1,182.3804841041565
random,71,ae,cnn,96,3,"(64, 64)","(4,)",9,128,2,gelu,0.5,1.245244179593444e-06,0.0,0.027511314071031308,60.0,1,0.0,9,random,1684,1584,0.7002423169747825,0.7473937996664823,0.5328325025969743,nan,nan,314,114,1,492.21276807785034
random,72,pod,mlp,12,39,"(8,)","(8,)",9,16,1,relu,0.3,0.0013748649116365065,0.05,0.010695092858259052,60.0,1,0.0,55,random,3860,3840,0.7169918130836952,0.7563038242389305,0.5315357978673274,nan,nan,292,92,1,11.906932353973389
random,73,ae,gru,5,39,"(16, 16)","(16, 32)",3,32,1,relu,0.5,0.0008346206370353553,0.05,0.004791256960498539,60.0,1,0.0,67,random,4581,4384,0.6605003623860811,0.7063383472170482,0.5541610178827948,nan,nan,205,5,1,10.892595052719116
random,74,pod,mlp,24,34,"(16, 16)","(32, 64)",3,8,1,tanh,0.3,0.0047890626191224635,0.5,0.0023595977789173613,60.0,1,0.0,57,random,7224,7168,0.974526719175905,0.9824260028121122,0.36957641713241746,nan,nan,250,50,1,12.125059604644775
random,75,ae,mlp,16,4,"(64, 64)","(32, 64)",5,8,2,relu,0.3,0.36328056884505566,0.1,0.0025730861911102336,60.0,1,0.0,74,random,8336,8192,1.0399187992169947,1.0519263462119643,2.440227150242632e-17,nan,nan,217,17,1,205.33512163162231
random,76,ae,cnn,4,4,"(32, 32, 32)","(32, 64)",3,128,1,gelu,0.2,1.1842973755831281e-05,0.0,0.00033292186267335866,60.0,1,0.0,59,random,8420,8320,0.6766311950750594,0.736633661304951,0.5214546366259466,nan,nan,250,50,1,156.49771523475647
random,77,pod,gru,4,7,"(64, 64)","(16,)",15,32,2,relu,0.5,1.3236588733833857e-05,0.5,0.015138856905116327,60.0,1,0.0,68,random,10884,8576,0.6566678259213121,0.7623406228611622,0.4954329505929999,nan,nan,251,51,1,15.022358894348145
random,78,ae,gru,4,90,"(64,)","(32, 64)",5,128,1,relu,0.1,0.15627076571333792,0.05,0.021095099311135835,60.0,1,0.0,10,random,55044,54272,0.8048094775947128,0.8465527439255491,0.4071448856422524,nan,nan,232,32,1,12.191999912261963
random,79,ae,mlp,5,30,"(128, 128)","(16, 32)",3,8,1,gelu,0.0,0.00275899709048668,0.25,0.014436833833242053,60.0,1,0.0,46,random,63365,63104,0.6511946796974749,0.7136797599528363,0.5493263752201296,nan,nan,225,25,1,9.752317905426025
random,0,ae,cnn,2,2,"(16,)","(4,)",3,128,2,relu,0.3,0.13758913034270193,0.05,0.0013009297269681644,,1,0.0,74,random,166,160,0.77510907304995,0.8170904816621689,0.45034750664833273,nan,nan,300,100,1,146.2061803340912
random,1,pod,gru,4,9,"(128, 128)","(16, 32)",5,8,2,gelu,0.0,0.0003686372440472491,0.1,0.0010048718498668677,,1,0.0,9,random,996,992,0.8464080637843445,0.8696633307062756,0.43923942165849916,nan,nan,822,632,1,37.43335247039795
random,2,ae,mlp,7,4,"(16, 16)","(16,)",5,64,1,relu,0.3,0.0016927123281901201,0.0,0.013909476731755962,,1,0.0,37,random,1175,1136,0.7472621144835305,0.7863327149356714,0.4715424504488234,nan,nan,312,112,1,152.29710054397583
random,3,ae,mlp,72,11,"(16,)","(8,)",5,128,1,tanh,0.5,1.5571698889511278,0.1,0.0012808497568082184,,1,0.0,73,random,3352,3264,1.0593300557153282,1.0686967295800307,0.0009274233022644841,nan,nan,230,30,1,548.1840765476227
random,4,ae,linear,6,50,"(32,)","(16,)",9,128,1,gelu,0.5,0.24216658851019154,0.5,0.005382911651088105,,1,0.0,35,random,3606,3600,0.7191800969857213,0.7592383807427425,0.4984374494842628,nan,nan,262,62,1,99.8737428188324
random,5,pod,mlp,17,3,"(32, 32, 32)","(16,)",9,32,2,relu,0.3,0.8738732805400405,0.1,0.003422155827748499,,1,0.0,3,random,3857,3744,0.9999985706356449,1.004819673103303,0.024049445730662866,nan,nan,201,1,1,11.41169285774231
random,6,pod,mlp,36,16,"(32, 32, 32)","(32, 64)",15,64,2,relu,0.0,0.001130375469924273,0.1,0.016615983404062194,,1,0.0,54,random,9476,9344,1.0000006830935588,1.0048135522751955,0.00397728729252949,nan,nan,201,4,1,11.240649223327637
random,7,pod,linear,18,57,"(8,)","(16,)",5,8,1,gelu,0.1,0.08364125658281225,0.5,0.0007520971189437719,,1,0.0,65,random,12330,12312,0.9906275857572405,0.9961112168965383,0.28422650625197,nan,nan,209,10,1,9.01322627067566
random,8,ae,linear,27,38,"(64,)","(4,)",15,32,2,gelu,0.2,0.8247060829152373,0.0,0.026360243491333042,,1,0.0,78,random,12339,12312,0.8316598565832465,0.8758309161594454,0.4473206802788733,nan,nan,316,116,1,268.32683801651
random,9,ae,linear,33,33,"(64, 64)","(32, 64)",9,32,2,tanh,0.2,2.9068631255808625e-05,0.25,0.01966222680118954,,1,0.0,57,random,13101,13068,0.6942463230576356,0.7513690933081648,0.5109409385192223,nan,nan,371,171,1,311.3299117088318
random,10,ae,linear,44,25,"(8,)","(8, 16)",5,8,1,relu,0.3,1.0296181963100989e-05,0.25,0.0017718907625805685,,1,0.0,26,random,13244,13200,0.6968269736765919,0.7422542124934489,0.5178660653543252,nan,nan,289,89,1,344.1043977737427
random,11,ae,linear,60,29,"(16,)","(16, 32)",15,128,1,relu,0.5,1.7347155359349116e-05,0.1,0.01540193205879547,,1,0.0,5,random,20940,20880,0.6893268005251663,0.753648193255996,0.5151990945991848,nan,nan,316,116,1,503.36775636672974
random,12,pod,cnn,103,25,"(64,)","(8,)",9,8,1,tanh,0.0,2.3402021805012142e-05,0.5,0.02783691563709711,,1,0.0,33,random,21575,21464,0.6989085251563772,0.763743012506734,0.49113804202464667,nan,nan,222,22,1,12.672266960144043
random,13,ae,mlp,3,24,"(64, 64)","(16,)",3,64,2,relu,0.0,0.4147057736248859,0.1,0.00551304439468279,,1,0.0,10,random,22851,22720,0.9613990634450084,0.9892667353356602,0.35130581469227945,nan,nan,239,39,1,173.986554145813
random,14,ae,linear,68,32,"(32,)","(8, 16)",3,128,2,gelu,0.5,1.1023372323101033,0.0,0.013217570697948211,,1,0.0,69,random,26180,26112,0.8881624518133728,0.9359082092316969,0.36887684089787287,nan,nan,290,90,1,484.5342366695404
random,15,pod,cnn,104,4,"(128, 128)","(32, 64)",3,16,2,relu,0.1,0.00044712857297511265,0.5,0.0037697159754814685,,1,0.0,0,random,34120,33920,0.7404329883376871,0.78243860981022,0.4736022764220896,nan,nan,276,90,1,15.545347452163696
random,16,pod,mlp,121,9,"(128, 128)","(16,)",3,8,2,gelu,0.3,0.029172091002206912,0.05,0.0008200351048113125,,1,0.0,62,random,46073,45696,0.9999796347994565,1.0048201326210584,0.009697881012678851,nan,nan,201,1,1,12.947660446166992
random,17,ae,mlp,103,86,"(128, 128)","(8, 16)",15,16,1,gelu,0.3,0.00012194993542123622,0.05,0.003635749676299295,,1,0.0,42,random,162023,161664,0.6771037612584965,0.7889197453716049,0.48481287613122664,nan,nan,213,13,1,608.823944568634
random,18,pod,linear,9,3,"(8,)","(8, 16)",3,8,1,tanh,0.0,5.759506207366602e-05,0.0,0.004264198280620193,20.0,1,0.0,34,random,333,324,0.6994472509274807,0.7433901530064997,0.5247954164923,nan,nan,720,524,1,18.01220965385437
random,19,ae,mlp,7,5,"(8,)","(16, 32)",9,64,1,relu,0.0,0.00025084093522743993,0.5,0.008150119740003132,20.0,1,0.0,53,random,551,536,0.6273368877650387,0.6567744341792912,0.595803758390149,nan,nan,240,40,1,144.14447903633118
random,20,pod,gru,28,8,"(32, 32, 32)","(16, 32)",5,8,1,relu,0.2,0.001230456265336372,0.05,0.0005399612918464544,20.0,1,0.0,20,random,780,704,0.9109528025180588,0.9237355417925676,0.5139459752475539,nan,nan,704,699,1,29.137632846832275
random,21,pod,cnn,2,4,"(128, 128)","(8, 16)",5,128,2,gelu,0.1,0.5211519007721753,0.1,0.003984648855944173,20.0,1,0.0,51,random,1274,1248,1.0000044096997003,1.0095983075626365,-0.28652416060503033,nan,nan,201,4,1,10.48598337173462
random,22,pod,gru,70,5,"(32, 32, 32)","(8,)",3,8,2,relu,0.0,0.08026333315734571,0.05,0.0015830402161557127,20.0,1,0.0,47,random,1590,1520,1.0000703263647939,1.0097414991343476,-0.02966747486374234,nan,nan,204,5,1,14.38562822341919
random,23,pod,mlp,5,2,"(64,)","(16, 32)",15,32,2,gelu,0.1,1.1311302401323596e-05,0.0,0.00043919082414475835,20.0,1,0.0,63,random,1925,1856,0.638914851240875,0.6861515436125489,0.5686325163805025,nan,nan,958,952,1,26.80003786087036
random,24,ae,mlp,2,3,"(32, 32, 32)","(8, 16)",5,8,1,gelu,0.2,4.857475720838328e-05,0.25,0.0011318196562033536,20.0,1,0.0,25,random,3362,3264,0.6440143250815231,0.6870363464957827,0.5768958420068762,nan,nan,267,67,1,146.8980634212494
random,25,ae,mlp,19,4,"(64,)","(16, 32)",15,8,1,tanh,0.1,2.9789346327038003e-06,0.5,0.010078092028325943,20.0,1,0.0,11,random,4371,4288,0.6351593128199088,0.692843121253621,0.5702253391896923,nan,nan,214,14,1,185.79190468788147
random,26,pod,linear,10,44,"(32, 32)","(8, 16)",9,16,2,tanh,0.3,0.007908305630846588,0.05,0.011031693588764584,20.0,1,0.0,21,random,5290,5280,0.8746516633868348,0.8960827616674901,0.43179912838653695,nan,nan,227,27,1,9.717782497406006
random,27,pod,mlp,19,11,"(64,)","(4,)",9,64,1,tanh,0.2,0.028091239531110063,0.0,0.004908211651363718,20.0,1,0.0,55,random,9747,9664,0.9993155286687108,1.0089542520272738,0.4001652897219781,nan,nan,201,1,1,10.28865933418274
random,28,ae,linear,18,46,"(128, 128)","(32, 64)",3,128,1,relu,0.1,5.221551764594244e-06,0.05,0.00223658335927877,20.0,1,0.0,68,random,9954,9936,0.5535479186863237,0.6229343707629389,0.628891402493111,nan,nan,294,94,1,187.6624264717102
random,29,ae,gru,4,50,"(32,)","(8,)",9,64,1,relu,0.5,1.3722690120519245e-05,0.05,0.0004159315612008846,20.0,1,0.0,58,random,15236,14848,0.5812353948042527,0.6195548376425821,0.6260161876413176,nan,nan,216,16,1,116.0840413570404
random,30,ae,cnn,9,18,"(16, 16)","(32, 64)",9,128,1,gelu,0.2,0.0066119797323416635,0.5,0.003031948543646948,20.0,1,0.0,64,random,32361,32256,0.5704090943928719,0.6184988803236582,0.6274056029469114,nan,nan,203,3,1,140.40504956245422
random,31,ae,mlp,4,83,"(32, 32)","(16, 32)",3,64,2,gelu,0.0,0.044310194328824305,0.5,0.000556402669483305,20.0,1,0.0,23,random,33092,33024,0.579483372905158,0.6647041350490286,0.5940698624787152,nan,nan,261,61,1,11.074755668640137
random,32,ae,gru,96,61,"(32, 32, 32)","(4,)",3,64,2,gelu,0.5,1.46420268904644e-06,0.1,0.000650255743151437,20.0,1,0.0,52,random,46176,35328,0.6053703649890645,0.6292858363143023,0.6294516204098626,nan,nan,207,7,1,339.93894124031067
random,33,ae,mlp,3,86,"(64,)","(8, 16)",9,64,1,relu,0.5,1.6577697712486975e-06,0.25,0.0007091018418452729,20.0,1,0.0,22,random,66307,66240,0.5518521964561542,0.622848096345436,0.6275633127738663,nan,nan,285,85,1,109.0008430480957
random,34,pod,cnn,91,51,"(16, 16)","(32, 64)",3,64,1,tanh,0.3,2.349865333883485e-05,0.25,0.013793387085833697,20.0,1,0.0,8,random,304507,304320,0.5606396793947188,0.6521128075085239,0.5998122345905034,nan,nan,203,3,1,12.45942234992981
random,35,pod,gru,19,7,"(64, 64)","(16,)",15,8,1,tanh,0.2,7.382514799560365e-06,0.05,0.0007656525549322364,30.0,1,0.0,1,random,699,632,0.6316025596524423,0.7030518530493226,0.5519862403071638,nan,nan,1586,1387,1,56.95063090324402
random,36,pod,mlp,9,3,"(16, 16)","(4,)",3,32,1,tanh,0.1,0.00010657342916689637,0.5,0.026333052558895724,30.0,1,0.0,13,random,1017,976,0.6905693713680041,0.7417003512393572,0.5295699835499901,nan,nan,272,72,1,12.717929363250732
random,37,pod,cnn,3,9,"(8,)","(16,)",5,64,2,relu,0.1,0.27462431919521796,0.1,0.00851272247978551,30.0,1,0.0,12,random,1411,1392,0.9999865932800484,1.0072634769665154,0.06835836881450819,nan,nan,201,1,1,10.098582744598389
random,38,ae,gru,77,13,"(32, 32)","(8,)",15,8,2,relu,0.1,0.2582754530229639,0.25,0.0010986943962264036,30.0,1,0.0,6,random,1653,1576,1.0183387066557776,1.0270486428808594,-8.75486247228536e-18,nan,nan,252,52,1,329.8663737773895
random,39,ae,cnn,7,9,"(64,)","(8, 16)",3,16,1,gelu,0.5,0.4213307446427178,0.5,0.0071428857911336446,30.0,1,0.0,75,random,1711,1680,1.0118339311276476,1.0184428937168193,5.511191925281349e-19,nan,nan,210,27,1,136.8273060321808
random,40,pod,linear,29,9,"(16, 16)","(16, 32)",15,128,1,relu,0.1,0.18694545113854494,0.1,0.0010557347580784863,30.0,1,0.0,41,random,3161,3132,0.997369252137775,1.0049493861136098,0.4424877998390163,nan,nan,210,39,1,9.516114234924316
random,41,pod,mlp,3,15,"(16, 16)","(4,)",15,32,2,tanh,0.2,8.339426606351281e-05,0.05,0.0016619783586316334,30.0,1,0.0,67,random,3219,3184,0.6260144858984993,0.6729955634666995,0.5834717015288938,nan,nan,613,413,1,20.43819308280945
random,42,pod,mlp,25,24,"(16, 16)","(16, 32)",5,16,2,gelu,0.5,1.1103797936386521,0.5,0.008655518394569787,30.0,1,0.0,71,random,5321,5264,0.9999999592243538,1.0072640837168232,0.02550350712124075,nan,nan,201,1,1,10.900141954421997
random,43,ae,gru,86,3,"(32,)","(16,)",9,32,1,gelu,0.5,5.198377512451763e-05,0.1,0.0003287295922435806,30.0,1,0.0,50,random,7254,6976,0.6239628658127886,0.6978798334573588,0.5737759596702727,nan,nan,362,162,1,346.4588396549225
random,44,pod,mlp,75,9,"(32, 32, 32)","(8, 16)",5,128,2,tanh,0.5,0.0013611280739730628,0.25,0.011268265763321007,30.0,1,0.0,60,random,8075,7904,0.8659701643708148,0.879868843730168,0.41508216252184166,nan,nan,284,84,1,15.179882287979126
random,45,ae,mlp,29,9,"(64,)","(16,)",9,32,1,tanh,0.0,1.9640870618141744,0.1,0.0011169962427831496,30.0,1,0.0,18,random,8861,8768,1.0174077956525718,1.033312858435742,0.18500125195075537,nan,nan,202,2,1,189.12685751914978
random,46,pod,cnn,3,52,"(8,)","(16, 32)",9,16,1,relu,0.2,0.0032709885288947577,0.1,0.0007764151193790569,30.0,1,0.0,59,random,11379,11328,0.5938322078171487,0.6453597108174669,0.6029034977506652,nan,nan,226,26,1,10.294468879699707
random,47,pod,cnn,4,6,"(16, 16)","(32, 64)",5,8,1,tanh,0.5,0.014603799045992473,0.0,0.016476161569925825,30.0,1,0.0,45,random,13796,13696,0.7793934555481927,0.798418844155721,0.5224454737444064,nan,nan,201,1,1,10.577148914337158
random,48,ae,gru,9,38,"(32, 32, 32)","(16,)",3,64,1,gelu,0.1,0.0036684114891681156,0.1,0.002986029949531028,30.0,1,0.0,31,random,15561,15168,0.5641052744048585,0.6397498987929658,0.611602279668251,nan,nan,216,16,1,178.71773386001587
random,49,ae,gru,53,72,"(8,)","(16, 32)",9,64,2,tanh,0.3,2.6586458371301343e-06,0.0,0.025470879135840202,30.0,1,0.0,30,random,43381,32576,0.5936906661345959,0.6800116890910629,0.5933278252379702,nan,nan,202,2,1,287.17432141304016
random,50,pod,mlp,22,88,"(32,)","(16,)",15,128,2,tanh,0.2,0.004269759645734823,0.05,0.005221104263906361,30.0,1,0.0,32,random,34550,34496,0.9237681346847,0.9389209098372508,0.5036459038461928,nan,nan,258,58,1,11.314520120620728
random,51,ae,gru,54,39,"(64, 64)","(8, 16)",5,128,2,gelu,0.1,3.1570479232684653e-06,0.1,0.002844590195998469,30.0,1,0.0,14,random,160566,114432,0.6046821762562852,0.6420481391608067,0.6211306191642254,nan,nan,202,2,1,318.9303357601166
random,52,pod,cnn,57,87,"(32, 32)","(32, 64)",3,8,1,relu,0.5,0.0005470016831821649,0.1,0.00033581694752826956,30.0,1,0.0,7,random,324825,324672,0.5433806207800118,0.6434253203396472,0.6028312878062432,nan,nan,244,44,1,13.22649097442627
random,53,pod,linear,4,4,"(32, 32)","(8, 16)",5,32,2,gelu,0.1,0.14431974155730504,0.5,0.006611447028514151,40.0,1,0.0,24,random,196,192,0.9977416577828083,1.0045899390425435,0.3927604548851667,nan,nan,202,2,1,8.952820301055908
random,54,pod,linear,3,9,"(16, 16)","(4,)",15,32,2,relu,0.2,0.043447875826192334,0.0,0.0038922454674123427,40.0,1,0.0,46,random,327,324,0.985569479317732,0.9936216696172239,0.4238979793033274,nan,nan,221,21,1,9.102550268173218
random,55,ae,gru,10,32,"(32, 32)","(16, 32)",9,8,1,tanh,0.5,0.03720263751526315,0.25,0.000704135464705769,40.0,1,0.0,76,random,618,560,0.6689655122404078,0.7098613448746074,0.5508723102664494,nan,nan,352,162,1,182.126282453537
random,56,ae,cnn,8,8,"(128, 128)","(8,)",3,128,1,relu,0.0,0.0033091309146944044,0.1,0.004375256716196976,40.0,1,0.0,77,random,816,800,0.6192455921017426,0.6574552050180695,0.5923125536430708,nan,nan,214,14,1,171.14639115333557
random,57,ae,mlp,45,6,"(16, 16)","(16,)",3,128,2,gelu,0.0,0.0032032583705558326,0.25,0.0010737512015159953,40.0,1,0.0,2,random,2205,2128,0.6418517521028374,0.692947673826272,0.5691546519400393,nan,nan,292,92,1,290.23265957832336
random,58,ae,mlp,25,53,"(8,)","(8,)",15,32,1,relu,0.5,0.005747170883845726,0.1,0.012745541807362308,40.0,1,0.0,66,random,5321,5288,0.662467239947,0.7057223594573714,0.5754241977555392,nan,nan,305,105,1,238.87375903129578
random,59,ae,mlp,102,48,"(8,)","(32, 64)",5,8,2,relu,0.3,0.009468306850758496,0.05,0.0009496437669276554,40.0,1,0.0,40,random,5534,5424,0.6315944669870697,0.6796134089582537,0.5779563913171867,nan,nan,342,142,1,464.5468113422394
random,60,pod,gru,2,29,"(16, 16)","(16,)",5,32,2,gelu,0.1,0.0021173534053210395,0.05,0.0009967143210626544,40.0,1,0.0,44,random,10818,8512,0.8170001376350267,0.8427923496877411,0.5164988940101697,nan,nan,388,188,1,20.009273529052734
random,61,pod,mlp,5,8,"(64, 64)","(32, 64)",9,8,1,gelu,0.0,1.8021288919992886,0.0,0.01390565371880637,40.0,1,0.0,39,random,10693,10560,0.9999998745975708,1.0065601395852863,0.010242949856432329,nan,nan,201,1,1,9.940008163452148
random,62,pod,linear,110,38,"(64, 64)","(16,)",15,8,1,relu,0.2,0.4611706838741855,0.05,0.002063608411070958,40.0,1,0.0,28,random,50270,50160,0.9979818373835403,1.0046848020884656,0.2838328976083309,nan,nan,202,2,1,10.590473413467407
random,63,pod,gru,27,3,"(32, 32, 32)","(4,)",3,128,1,gelu,0.0,0.012357640356789483,0.1,0.000347763463066365,40.0,1,0.0,29,random,58011,57216,0.999844491624933,1.0064369514463398,0.05477630092429252,nan,nan,202,4,1,11.925342082977295
random,64,pod,mlp,5,10,"(8,)","(4,)",5,128,2,tanh,0.1,1.3772859882774824e-06,0.1,0.0003988550778619399,60.0,1,0.0,27,random,1013,1000,0.7121344447087677,0.7383055638821081,0.5321370179902041,nan,nan,2000,2000,0,50.445775270462036
random,65,pod,linear,6,14,"(64,)","(8, 16)",5,32,1,relu,0.5,0.11039755393965206,0.05,0.0010784948578593646,60.0,1,0.0,36,random,1014,1008,0.9938208228633806,1.000262155305191,0.3885954864517978,nan,nan,211,11,1,8.728190183639526
random,66,pod,cnn,94,2,"(128, 128)","(4,)",9,64,1,relu,0.5,1.7250112562749513,0.05,0.001011994381548665,60.0,1,0.0,48,random,1282,1184,0.999980082400897,1.005618323116201,0.017904840524665084,nan,nan,201,1,1,11.346184253692627
random,67,ae,gru,6,6,"(8,)","(32, 64)",9,16,1,tanh,0.3,7.2585244694333605e-06,0.25,0.0027762584152122762,60.0,1,0.0,70,random,1542,1440,0.6700022104905125,0.7263453435797899,0.5348468086073608,nan,nan,226,26,1,176.13142108917236
random,68,ae,cnn,6,27,"(128, 128)","(8,)",15,16,1,tanh,0.5,3.4243652488341275e-05,0.0,0.005780432514084398,60.0,1,0.0,79,random,2750,2736,0.6363553497543066,0.705371438529929,0.5556473830588485,nan,nan,211,11,1,9.090381860733032
random,69,ae,mlp,68,3,"(32, 32, 32)","(16, 32)",9,8,2,relu,0.5,0.2810190178030646,0.05,0.0018082994849444823,60.0,1,0.0,16,random,5540,5376,1.0388264140108925,1.0491574439237303,9.823409912168636e-18,nan,nan,215,37,1,404.90700697898865
random,70,pod,linear,115,4,"(64,)","(16, 32)",9,16,1,relu,0.0,2.2917623873847566e-05,0.25,0.008510802905550662,60.0,1,0.0,43,random,5635,5520,0.7196170089398634,0.7627180686522986,0.4989610504272621,nan,nan,511,410,1,16.616509914398193
random,71,ae,linear,36,15,"(32, 32)","(8, 16)",5,8,1,gelu,0.5,2.0100993721896257e-05,0.0,0.009856732687213411,60.0,1,0.0,17,random,6516,6480,0.6329346397044031,0.6805419855219511,0.5763990322472932,nan,nan,308,108,1,275.1163890361786
random,72,pod,mlp,16,43,"(16,)","(32, 64)",5,128,2,gelu,0.2,9.234260462621272e-06,0.0,0.0019071888651302584,60.0,1,0.0,15,random,8544,8512,0.6321009592029961,0.6860758181567648,0.5663293813074788,nan,nan,393,194,1,14.04997992515564
random,73,ae,mlp,6,26,"(32, 32, 32)","(32, 64)",5,128,2,tanh,0.3,0.09954998931985574,0.05,0.0077157511739997745,60.0,1,0.0,72,random,12326,12224,0.7151307992352195,0.7436446722306475,0.5268399278280317,nan,nan,236,36,1,11.448845386505127
random,74,pod,cnn,3,7,"(64, 64)","(32, 64)",5,128,2,gelu,0.3,0.22563034857191722,0.0,0.022267572177899382,60.0,1,0.0,56,random,13603,13504,0.9999999624512691,1.0058284957656805,0.039908073231488025,nan,nan,201,34,1,10.607279777526855
random,75,ae,gru,5,69,"(64,)","(16,)",3,64,1,relu,0.5,4.98834618627962e-05,0.05,0.004880761115617844,60.0,1,0.0,19,random,15301,14912,0.6635191176300216,0.7158185817505268,0.5469598887993236,nan,nan,203,3,1,172.36345767974854
random,76,ae,mlp,3,25,"(64, 64)","(32, 64)",3,32,2,tanh,0.1,0.001995568331831743,0.5,0.003154271149147904,60.0,1,0.0,4,random,23619,23488,0.6713885604742057,0.7180415011668777,0.5475846379167427,nan,nan,204,4,1,160.56175303459167
random,77,ae,cnn,48,32,"(32, 32, 32)","(8, 16)",9,64,2,relu,0.1,0.01145845088914899,0.05,0.017930010228495812,60.0,1,0.0,49,random,26664,26592,0.6478382037374293,0.7086404920431085,0.5584492056088778,nan,nan,253,53,1,314.3991494178772
random,78,ae,linear,62,48,"(16,)","(32, 64)",3,64,1,tanh,0.1,0.0007018731408143037,0.1,0.005518070282343371,60.0,1,0.0,38,random,35774,35712,0.6199045791001485,0.7144429941157575,0.5542013254224183,nan,nan,332,132,1,367.4650866985321
random,79,pod,cnn,9,59,"(16, 16)","(32, 64)",15,8,2,tanh,0.5,0.05515862314865772,0.25,0.018474068705592792,60.0,1,0.0,61,random,70569,70464,0.8622008665228981,0.8843150174565756,0.43244098355969623,nan,nan,215,15,1,11.53031611442566
random,0,pod,linear,3,4,"(32,)","(16,)",9,8,1,tanh,0.2,0.010830274520023771,0.0,0.0029010433231588463,,1,0.0,24,random,147,144,0.9802316286111316,0.987378998441085,0.3470614695444796,nan,nan,221,22,1,26.05096459388733
random,1,ae,gru,6,33,"(32,)","(8,)",9,8,1,gelu,0.3,0.03399054804784178,0.0,0.0011067414717914241,,1,0.0,20,random,582,528,0.7403127805344718,0.7684292986704898,0.48777050652203213,nan,nan,278,78,1,125.94969320297241
random,2,pod,mlp,4,6,"(8,)","(4,)",3,16,2,gelu,0.3,0.0008499153456274583,0.5,0.0037731897946085132,,1,0.0,76,random,620,608,0.7786769186957586,0.8083734270796905,0.46755904188387853,nan,nan,362,162,1,13.230536937713623
random,3,pod,mlp,62,3,"(8,)","(16, 32)",3,32,2,relu,0.2,0.00011541707440099191,0.05,0.0018043127719567563,,1,0.0,9,random,854,784,0.760967238305927,0.7969589609767772,0.46450406496533886,nan,nan,514,316,1,17.559842109680176
random,4,ae,gru,5,30,"(32, 32, 32)","(8, 16)",3,8,2,tanh,0.2,0.12070401428031788,0.5,0.0003182610137405307,,1,0.0,8,random,1005,1000,0.9061677583271263,0.9197185033833336,0.3402934102273188,nan,nan,372,172,1,150.09468245506287
random,5,ae,gru,11,15,"(128, 128)","(16,)",5,16,1,gelu,0.2,1.09580876764431,0.25,0.005263481643957493,,1,0.0,50,random,1627,1520,1.0588549776519238,1.0691517899408995,1.1257434129475246e-17,nan,nan,217,17,1,184.77610731124878
random,6,ae,mlp,114,8,"(8,)","(16, 32)",15,64,2,tanh,0.0,0.6047575052896721,0.0,0.024544505225475154,,1,0.0,22,random,1802,1680,1.0080686392541376,1.0174085594487141,0.2180126434803369,nan,nan,201,1,1,666.6630847454071
random,7,ae,linear,11,20,"(128, 128)","(8, 16)",9,32,2,gelu,0.2,2.3024215368759195e-05,0.5,0.0009736470301199066,,1,0.0,72,random,2651,2640,0.7094886586482304,0.7476691633213489,0.5096791116926015,nan,nan,261,61,1,8.637330770492554
random,8,pod,gru,19,3,"(64,)","(16, 32)",15,16,2,tanh,0.1,1.9708445601413629,0.25,0.0004671064566354614,,1,0.0,52,random,3395,2992,1.0000040746956294,1.0048141396202606,0.004266163060117697,nan,nan,214,214,1,13.533487796783447
random,9,ae,mlp,14,19,"(16, 16)","(16, 32)",3,64,2,gelu,0.0,1.3006478543307451,0.25,0.007825153295881692,,1,0.0,51,random,4174,4128,1.0621826936445564,1.077191610120217,-4.771414256066208e-19,nan,nan,218,18,1,181.8557059764862
random,10,ae,gru,36,36,"(64, 64)","(8,)",9,64,1,tanh,0.3,0.02151921437497132,0.5,0.000736279809211768,,1,0.0,77,random,17316,16896,0.7565585892440402,0.7848234449188648,0.4740788264321582,nan,nan,255,55,1,325.1123490333557
random,11,ae,linear,79,18,"(16,)","(16, 32)",9,8,1,relu,0.2,4.82180717281072e-06,0.05,0.00030443515100875984,,1,0.0,14,random,17143,17064,0.7070150000016421,0.7480927819052676,0.5189313904787103,nan,nan,397,197,1,529.5925183296204
random,12,ae,gru,45,11,"(128, 128)","(4,)",9,64,1,tanh,0.3,0.0004466231286078361,0.0,0.0005232113481219416,,1,0.0,46,random,17901,17472,0.7134431267482694,0.7628197890056191,0.5065876035550375,nan,nan,238,38,1,458.94737553596497
random,13,ae,cnn,3,79,"(128, 128)","(16, 32)",15,64,1,gelu,0.0,0.0010896881147192546,0.5,0.012593550294923237,,1,0.0,60,random,18195,18144,0.7254127716075538,0.809112455563517,0.4571710574644712,nan,nan,203,3,1,186.47760033607483
random,14,ae,gru,97,77,"(16, 16)","(8, 16)",9,64,1,tanh,0.5,0.12386508025466719,0.0,0.006662262347906851,,1,0.0,64,random,21281,20800,1.0141080714714183,1.022364066759362,0.2334005969274727,nan,nan,202,2,1,618.5913262367249
random,15,pod,gru,12,66,"(64,)","(8, 16)",3,128,1,relu,0.0,0.00015700318403892656,0.25,0.003332562189221924,,1,0.0,4,random,56076,55296,0.7123782492852951,0.7656651554275558,0.4901892636099462,nan,nan,238,38,1,14.445462942123413
random,16,ae,gru,74,45,"(32,)","(4,)",15,128,2,relu,0.5,4.479242647821512e-05,0.0,0.005231538477353752,,1,0.0,12,random,163146,116992,0.7216064061719432,0.7850600768415581,0.5025640673879355,nan,nan,203,3,1,587.3173620700836
random,17,pod,linear,3,6,"(64, 64)","(8,)",5,16,1,gelu,0.3,1.4705643162559637e-05,0.25,0.00038911178009646186,20.0,1,0.0,27,random,219,216,0.6450726974129872,0.6696112150978826,0.5875207895798191,nan,nan,2000,2000,0,43.9483277797699
random,18,ae,linear,6,4,"(32, 32)","(8,)",15,16,2,gelu,0.1,6.241133715697771e-05,0.1,0.0020666787607632234,20.0,1,0.0,26,random,294,288,0.6343739556542047,0.6633629342737083,0.5915241816952825,nan,nan,308,108,1,171.6141655445099
random,19,pod,gru,5,16,"(8,)","(16,)",3,8,2,tanh,0.2,0.0009034791959761784,0.1,0.011224289097962886,20.0,1,0.0,79,random,1005,1000,0.8420505121832023,0.864393659729641,0.5498930942697047,nan,nan,298,98,1,18.259401082992554
random,20,pod,cnn,4,18,"(8,)","(4,)",15,16,1,relu,0.0,0.009846330876942897,0.05,0.0003193814094919852,20.0,1,0.0,73,random,1016,1008,0.6677899702645125,0.6993313175864502,0.5804984113749801,nan,nan,495,300,1,18.621659517288208
random,21,pod,gru,11,4,"(32, 32, 32)","(8,)",5,8,2,relu,0.0,1.3457498326840145e-06,0.0,0.013903213217844995,20.0,1,0.0,6,random,1059,1048,0.6071997243739644,0.7178532758334097,0.5415728234062408,nan,nan,329,129,1,19.164088487625122
random,22,pod,linear,19,7,"(64, 64)","(4,)",3,16,2,relu,0.3,1.3226556434000293e-05,0.5,0.005990255995446977,20.0,1,0.0,67,random,1615,1596,0.6268420501923639,0.6572369035004084,0.5989351032656968,nan,nan,471,466,1,15.049871444702148
random,23,ae,mlp,7,9,"(16, 16)","(8, 16)",5,64,2,tanh,0.2,4.471514705735089e-06,0.5,0.0006028571559601565,20.0,1,0.0,69,random,2135,2096,0.6054161817620156,0.6338517023020657,0.6189495696753444,nan,nan,330,130,1,158.8221447467804
random,24,ae,mlp,7,26,"(8,)","(32, 64)",3,8,1,relu,0.5,0.00156448551514001,0.25,0.020165497296489625,20.0,1,0.0,18,random,2567,2552,0.6450413442597751,0.6832286888808179,0.6183006118601045,nan,nan,240,40,1,10.561187028884888
random,25,pod,linear,77,3,"(64, 64)","(8, 16)",3,32,1,gelu,0.3,3.1300739919602404e-05,0.1,0.0007933414400091054,20.0,1,0.0,74,random,2849,2772,0.6876373788473922,0.7325653641137229,0.5328891376118531,nan,nan,2000,1999,0,45.28172421455383
random,26,ae,cnn,10,48,"(32, 32, 32)","(8,)",5,64,2,relu,0.1,6.359931116307744e-05,0.0,0.0015276857486439185,20.0,1,0.0,78,random,4338,4320,0.5691407345604128,0.6304634341937541,0.6191212424804879,nan,nan,207,7,1,199.2749056816101
random,27,ae,gru,112,20,"(16,)","(8,)",15,16,2,gelu,0.0,0.012919241616259349,0.5,0.010996817990446878,20.0,1,0.0,56,random,4976,4480,0.6326504413338836,0.650984823629902,0.6053706589483294,nan,nan,214,14,1,410.38021993637085
random,28,pod,mlp,52,33,"(16,)","(8, 16)",5,64,1,relu,0.3,0.0010722225302079813,0.5,0.016845647978950117,20.0,1,0.0,37,random,7236,7168,0.6382397693167854,0.6736531071043018,0.6044261632187866,nan,nan,258,58,1,13.178070306777954
random,29,ae,mlp,7,48,"(16, 16)","(4,)",5,64,2,gelu,0.5,2.276100279033563e-06,0.0,0.0010642900219682834,20.0,1,0.0,0,random,9623,9584,0.5874610835901494,0.6261579021127962,0.6305092543649471,nan,nan,370,170,1,14.978525400161743
random,30,pod,gru,9,4,"(16,)","(8, 16)",9,64,1,gelu,0.1,3.454443749290445e-06,0.25,0.004234820086274476,20.0,1,0.0,48,random,15561,15168,0.5939600896975835,0.6914782195072581,0.5643216476865603,nan,nan,249,49,1,14.616956233978271
random,31,ae,cnn,105,42,"(16, 16)","(8, 16)",3,16,2,tanh,0.5,0.19480232061313846,0.0,0.001632823519353488,20.0,1,0.0,33,random,71361,71232,0.7010537915153067,0.7251549794619175,0.5387278055274863,nan,nan,258,58,1,413.3699049949646
random,32,pod,linear,104,59,"(16, 16)","(32, 64)",3,32,2,gelu,0.1,0.00244216276507239,0.05,0.029994209991757538,20.0,1,0.0,41,random,73736,73632,0.797104907593129,0.8375123339642775,0.46247639371186144,nan,nan,239,39,1,12.336806058883667
random,33,pod,gru,5,5,"(32, 32, 32)","(8,)",15,128,2,relu,0.5,0.0022229280301558226,0.25,0.028459333117395513,20.0,1,0.0,39,random,154245,108160,0.7128505387768868,0.740280577708377,0.5545564981749129,nan,nan,381,181,1,20.768677473068237
random,34,pod,gru,10,19,"(16,)","(4,)",15,128,2,tanh,0.3,1.9971298554483392,0.25,0.00099093348889459,20.0,1,0.0,17,random,154890,108800,1.000032509310593,1.0095985391132698,-0.06723437377409215,nan,nan,201,19,1,14.717639923095703
random,35,pod,linear,4,5,"(32,)","(8, 16)",15,32,2,relu,0.5,0.21826350870404948,0.0,0.0027291036346455463,30.0,1,0.0,54,random,244,240,0.9980358139666328,1.0055316928809257,0.4304688105457153,nan,nan,207,15,1,9.597103118896484
random,36,pod,linear,3,13,"(32, 32)","(32, 64)",5,64,2,relu,0.3,0.018584911115481984,0.5,0.0008390504703185858,30.0,1,0.0,34,random,471,468,0.9556019688248997,0.9674653929160691,0.43949111665077084,nan,nan,250,69,1,10.615964412689209
random,37,ae,gru,9,26,"(16, 16)","(8,)",5,8,1,tanh,0.1,0.26560598952401354,0.25,0.0014955494162513267,30.0,1,0.0,28,random,609,552,0.9241818624507063,0.9457740173956453,0.37370787732030486,nan,nan,273,73,1,200.43527007102966
random,38,pod,cnn,27,2,"(128, 128)","(8,)",3,8,1,gelu,0.0,1.2815211119872706e-05,0.05,0.004387899808545062,30.0,1,0.0,40,random,755,720,0.6223974377816256,0.6801155678302964,0.5714969948404528,nan,nan,382,182,1,16.09134554862976
random,39,ae,gru,81,7,"(64,)","(8,)",3,8,2,gelu,0.0,0.4329964888953011,0.05,0.010898422815741871,30.0,1,0.0,35,random,1689,1608,1.0214345308680468,1.03079265238592,-0.20003764012390973,nan,nan,203,3,1,415.2626836299896
random,40,pod,linear,2,79,"(16,)","(8,)",15,128,1,relu,0.5,2.3411459034449198e-05,0.0,0.0009829814850253488,30.0,1,0.0,58,random,1898,1896,0.6082474503133477,0.65665281831825,0.5939980502777722,nan,nan,874,674,1,22.088687658309937
random,41,ae,mlp,3,5,"(32, 32, 32)","(32, 64)",9,128,2,gelu,0.0,1.5739444308879696e-05,0.0,0.006523832047238042,30.0,1,0.0,11,random,4163,4064,0.6309979216891842,0.6741661050925801,0.5832279724712985,nan,nan,203,3,1,140.95662760734558
random,42,pod,mlp,12,21,"(16,)","(16, 32)",15,128,2,gelu,0.5,3.8956764407106993e-05,0.5,0.002232849966284125,30.0,1,0.0,23,random,4252,4224,0.6244339030360996,0.6632356001742498,0.6118793977492115,nan,nan,303,103,1,13.382395505905151
random,43,pod,mlp,5,64,"(8,)","(8, 16)",9,32,2,relu,0.3,0.0004297584305032531,0.1,0.00461326380718731,30.0,1,0.0,3,random,6197,6184,0.6165148884122468,0.665090486927005,0.6036647904678689,nan,nan,324,124,1,14.03946852684021
random,44,pod,mlp,13,32,"(16,)","(16,)",3,32,1,tanh,0.5,0.04963766395731756,0.05,0.0004885893976025354,30.0,1,0.0,30,random,6381,6352,0.9975359835183036,1.0050286485427307,0.33137807542155245,nan,nan,204,4,1,11.162615060806274
random,45,pod,linear,19,28,"(64, 64)","(4,)",15,64,1,tanh,0.0,0.00023227184451201545,0.05,0.0052034573054134765,30.0,1,0.0,36,random,6403,6384,0.6468806724040175,0.69490110442627,0.5802209957322361,nan,nan,350,150,1,13.027340173721313
random,46,ae,cnn,4,81,"(64,)","(8, 16)",9,8,1,relu,0.5,0.02366911153842097,0.5,0.0005869113146049297,30.0,1,0.0,59,random,7228,7200,0.5767022475713429,0.6495852607623777,0.5985143959563591,nan,nan,216,16,1,131.02497053146362
random,47,pod,mlp,45,5,"(64, 64)","(8, 16)",3,8,2,relu,0.5,5.15206890645442e-06,0.0,0.0006897585515939221,30.0,1,0.0,61,random,10989,10816,0.632965729875188,0.6794229931114768,0.579064834283146,nan,nan,286,86,1,14.749589204788208
random,48,ae,mlp,43,23,"(32, 32, 32)","(16, 32)",5,8,2,relu,0.1,0.00444169066310089,0.5,0.0007425222663204094,30.0,1,0.0,42,random,12395,12256,0.5844297059581148,0.6270691833897454,0.6213818673070625,nan,nan,294,94,1,302.04546666145325
random,49,pod,linear,83,17,"(64, 64)","(16, 32)",5,64,1,tanh,0.5,0.3007720631697084,0.5,0.0005876181570271266,30.0,1,0.0,68,random,17015,16932,0.9976358394048114,1.0051520268016758,0.4202794488899737,nan,nan,220,23,1,11.431460618972778
random,50,pod,mlp,6,75,"(64, 64)","(16,)",9,16,1,relu,0.0,8.469921764716794e-06,0.05,0.01984445565772388,30.0,1,0.0,53,random,62214,62080,0.5688906490067883,0.6624673829329917,0.5918025862725211,nan,nan,206,6,1,11.153906345367432
random,51,pod,linear,6,12,"(32, 32, 32)","(8, 16)",5,128,1,tanh,0.2,1.501210701266732e-05,0.5,0.0050905480129769245,40.0,1,0.0,21,random,870,864,0.6391790252657539,0.6709736762325281,0.5851579687594066,nan,nan,510,311,1,14.632735252380371
random,52,ae,linear,13,8,"(8,)","(16, 32)",15,8,2,gelu,0.2,1.1077079718252584e-05,0.1,0.018580991957368755,40.0,1,0.0,55,random,1261,1248,0.6055645150640155,0.6494317409388654,0.6003327360064544,nan,nan,292,92,1,214.86745142936707
random,53,pod,linear,8,15,"(64, 64)","(32, 64)",15,64,2,tanh,0.5,0.001122381314435777,0.5,0.007322155355094663,40.0,1,0.0,2,random,1448,1440,0.7944654259631095,0.8255580689564116,0.4828729686064483,nan,nan,277,77,1,10.470384120941162
random,54,pod,cnn,9,31,"(32, 32)","(4,)",9,32,2,relu,0.2,0.03071286218101752,0.25,0.018192148846738778,40.0,1,0.0,16,random,1561,1548,0.8995669081407828,0.9163939399778858,0.3934540651058853,nan,nan,207,7,1,10.280088424682617
random,55,pod,cnn,44,2,"(32,)","(16,)",3,128,2,relu,0.5,0.0006947466348937146,0.0,0.0009809454866925717,40.0,1,0.0,43,random,2044,1984,0.7093171664378997,0.7633395793043686,0.500999819331684,nan,nan,594,394,1,20.004976987838745
random,56,pod,mlp,15,23,"(16, 16)","(8, 16)",9,32,2,gelu,0.3,0.005258830384796735,0.5,0.003091891447243406,40.0,1,0.0,7,random,4959,4912,0.9116681752982088,0.9283340349230269,0.36658892110160585,nan,nan,253,53,1,12.198840856552124
random,57,ae,mlp,4,11,"(32, 32)","(16, 32)",9,128,1,tanh,0.3,1.845865150369773,0.5,0.0018212556869339177,40.0,1,0.0,1,random,5444,5376,1.1204664643999849,1.1354613158151847,-1.4921098012326026e-17,nan,nan,217,17,1,125.04753804206848
random,58,ae,gru,92,13,"(32,)","(8, 16)",9,32,1,tanh,0.5,0.04689683334535104,0.1,0.0038237153992194983,40.0,1,0.0,32,random,7452,7168,0.8723806707551348,0.8921171791920427,0.37351385527378517,nan,nan,205,19,1,407.86740732192993
random,59,pod,gru,4,3,"(32,)","(16,)",15,32,2,tanh,0.1,0.00034411679945350665,0.25,0.0048420977659550555,40.0,1,0.0,31,random,10884,8576,0.7081559289158769,0.7663981920274192,0.5051286899869191,nan,nan,287,87,1,18.011272430419922
random,60,pod,mlp,121,3,"(64, 64)","(32, 64)",5,32,2,gelu,0.0,4.182726420748775e-05,0.25,0.013664236369814333,40.0,1,0.0,71,random,14393,14144,0.6270757502144529,0.7147453608311979,0.5432902063785818,nan,nan,219,19,1,14.171468019485474
random,61,ae,mlp,18,2,"(128, 128)","(4,)",15,16,2,relu,0.3,0.009388532835252247,0.05,0.0011168284427862114,40.0,1,0.0,10,random,22034,21760,0.6721324159912697,0.7274643994077176,0.5318562716627335,nan,nan,281,81,1,237.4709792137146
random,62,ae,cnn,6,2,"(64,)","(32, 64)",9,32,2,gelu,0.5,1.2570851662951713e-05,0.1,0.01352878470177736,40.0,1,0.0,45,random,22758,22656,0.6755484437843923,0.7356618632261841,0.5338668063425586,nan,nan,205,5,1,170.53602170944214
random,63,ae,mlp,3,4,"(128, 128)","(8,)",3,128,2,relu,0.5,1.2320307280112627e-06,0.25,0.008566110094142244,40.0,1,0.0,19,random,23171,22912,0.6643076901377747,0.72947954204007,0.548910868762981,nan,nan,231,31,1,187.40823578834534
random,64,ae,linear,95,27,"(32, 32)","(16, 32)",3,16,1,gelu,0.3,0.0001749092851827551,0.25,0.0029484527999047152,40.0,1,0.0,62,random,30875,30780,0.5973720715914087,0.6540843239770109,0.6013980560010203,nan,nan,332,132,1,413.818794965744
random,65,pod,mlp,4,45,"(128, 128)","(16, 32)",15,16,1,gelu,0.2,0.03826756573770726,0.05,0.0010887815370469124,40.0,1,0.0,47,random,86276,86016,0.9999743288636307,1.0065340535596343,0.199530503595917,nan,nan,201,1,1,9.865920305252075
random,66,pod,cnn,57,50,"(16, 16)","(16, 32)",9,32,2,relu,0.2,2.0503925766362086,0.05,0.025853373480433924,40.0,1,0.0,13,random,97641,97536,1.0000000109151894,1.006564490756766,-0.005886617916670943,nan,nan,201,1,1,12.302062511444092
random,67,pod,linear,6,6,"(32,)","(8, 16)",9,64,2,relu,0.0,0.0005309823528357826,0.0,0.02271501078929033,60.0,1,0.0,75,random,438,432,0.8048734584354441,0.8358184311991785,0.4630817964557901,nan,nan,239,39,1,9.44394063949585
random,68,ae,linear,18,5,"(8,)","(16,)",5,16,1,relu,0.5,9.061955988010501e-05,0.25,0.0004957943948161093,60.0,1,0.0,29,random,1098,1080,0.6919040591803867,0.7358605433576418,0.5257940040604746,nan,nan,337,137,1,218.4150788784027
random,69,pod,cnn,2,26,"(64, 64)","(8,)",15,32,1,tanh,0.0,0.5982589927426475,0.0,0.0006765370858200906,60.0,1,0.0,49,random,1866,1856,0.99980812750508,1.0056071506633508,0.10474745142106834,nan,nan,201,1,1,10.784996271133423
random,70,pod,mlp,2,31,"(8,)","(8, 16)",5,16,2,tanh,0.5,0.00031211014154547135,0.25,0.004584007049903411,60.0,1,0.0,5,random,3002,2992,0.8016699836687265,0.8222202834187176,0.5166245645366576,nan,nan,469,269,1,15.935044288635254
random,71,ae,mlp,14,5,"(32, 32, 32)","(16,)",5,8,2,gelu,0.0,4.074475318584463e-06,0.25,0.0007300220017642846,60.0,1,0.0,44,random,4526,4416,0.6712292627532709,0.7400259952472534,0.5234438015663666,nan,nan,240,40,1,175.59220051765442
random,72,ae,cnn,20,9,"(32,)","(8, 16)",9,64,2,tanh,0.5,1.7061576680436448,0.0,0.0007049322204344911,60.0,1,0.0,70,random,4940,4896,1.090268682180762,1.1031190958647108,0.04370373355316699,nan,nan,204,5,1,272.683762550354
random,73,ae,gru,5,5,"(64, 64)","(8,)",5,32,2,relu,0.0,1.8554945943543673,0.0,0.0009256385771845205,60.0,1,0.0,15,random,10917,8608,1.2168470151695985,1.213231144749789,0.0579603044694731,nan,nan,202,2,1,199.26671648025513
random,74,ae,gru,16,43,"(32,)","(16,)",9,32,2,relu,0.1,0.2980024102116936,0.1,0.019190630327095115,60.0,1,0.0,65,random,11280,8960,1.0315775950791164,1.0407588781417179,0.2134399045748642,nan,nan,201,1,1,229.44445824623108
random,75,ae,mlp,87,7,"(64, 64)","(8, 16)",15,128,2,relu,0.0,0.0002178509747991486,0.1,0.0031940389495748777,60.0,1,0.0,66,random,15255,15040,0.6687891489987053,0.7340770200325254,0.5405748398986385,nan,nan,207,7,1,485.4259352684021
random,76,ae,linear,57,22,"(8,)","(8, 16)",3,64,2,gelu,0.5,0.9177686834948207,0.5,0.0009729697723297367,60.0,1,0.0,38,random,15105,15048,0.8355638284006902,0.880045213331502,0.43409273835509815,nan,nan,211,11,1,406.56757044792175
random,77,pod,mlp,36,5,"(128, 128)","(8, 16)",9,16,2,relu,0.1,1.1512084818004071,0.25,0.0005856570186010774,60.0,1,0.0,57,random,28964,28672,1.0000290929384037,1.0059122543740062,-0.01059379577433708,nan,nan,201,60,1,11.954030990600586
random,78,pod,gru,4,12,"(32, 32)","(16, 32)",15,64,2,gelu,0.3,5.307717244182212e-06,0.0,0.00520226984212564,60.0,1,0.0,63,random,40196,29440,0.6359329513849162,0.7397376988979004,0.5177144680262017,nan,nan,236,36,1,15.272427082061768
random,79,pod,cnn,12,26,"(16, 16)","(32, 64)",15,16,1,gelu,0.3,2.6178831517668444e-05,0.05,0.005158295476447409,60.0,1,0.0,25,random,56556,56448,0.6342687547125712,0.68781271305561,0.5643963213102097,nan,nan,204,4,1,12.282785654067993
random,0,ae,mlp,10,2,"(8,)","(4,)",5,8,2,tanh,0.3,0.0047281603001552396,0.1,0.012585167012456664,,1,0.0,47,random,290,272,0.767013384158376,0.8060003642969585,0.45467318588095956,nan,nan,206,6,1,215.88013672828674
random,1,ae,gru,3,39,"(8,)","(16,)",5,8,1,relu,0.3,0.08416889480914104,0.1,0.025161818608499326,,1,0.0,37,random,555,504,0.7685228627888171,0.804652381711937,0.47231319496395363,nan,nan,230,30,1,192.46306800842285
random,2,pod,gru,17,3,"(16, 16)","(8, 16)",3,8,1,gelu,0.1,4.566655962572322e-06,0.05,0.0005966314045157218,,1,0.0,68,random,681,616,0.7569240309255941,0.807816753307273,0.44455645462451415,nan,nan,2000,1921,0,72.39004468917847
random,3,ae,mlp,8,3,"(16, 16)","(8,)",3,64,2,gelu,0.1,0.00016967581765885072,0.05,0.012103401821389583,,1,0.0,36,random,1000,960,0.7266641577470588,0.7781107669270312,0.48127567622268236,nan,nan,330,130,1,172.50721669197083
random,4,pod,gru,64,32,"(64,)","(8, 16)",3,8,1,gelu,0.0,0.027987329864307513,0.1,0.0005239112406802625,,1,0.0,60,random,1104,992,1.000011294035725,1.0048463876405778,-0.004315566902055498,nan,nan,231,142,1,14.835198640823364
random,5,ae,linear,29,4,"(64,)","(32, 64)",5,16,2,gelu,0.1,2.533343805262625e-05,0.0,0.012194125521151363,,1,0.0,59,random,1421,1392,0.7346719066538113,0.7704940831504674,0.4909920229378328,nan,nan,326,126,1,308.6153631210327
random,6,ae,linear,13,9,"(32,)","(16, 32)",15,8,1,tanh,0.1,0.000417448246034654,0.1,0.006424134352610794,,1,0.0,14,random,1417,1404,0.7058819244853362,0.7368665263617753,0.5199544283592281,nan,nan,272,72,1,214.57502579689026
random,7,pod,mlp,3,17,"(8,)","(32, 64)",15,32,2,gelu,0.0,0.28476294301401656,0.5,0.009228560038039107,,1,0.0,12,random,1667,1656,0.9999833244241164,1.004805535441729,0.1809441161835931,nan,nan,201,1,1,10.309713363647461
random,8,ae,mlp,79,3,"(16,)","(16, 32)",3,64,2,gelu,0.1,5.891299210632427e-06,0.25,0.011580260139973982,,1,0.0,39,random,1935,1840,0.7489409034415266,0.7936527207378862,0.47149061228690287,nan,nan,226,26,1,561.4184222221375
random,9,ae,cnn,7,43,"(8,)","(4,)",15,8,1,gelu,0.5,7.176993062551181e-06,0.0,0.003022415999252875,,1,0.0,48,random,1935,1924,0.6982329977457197,0.7492095732317676,0.5077656553925511,nan,nan,215,15,1,163.53371357917786
random,10,ae,mlp,4,22,"(8,)","(8,)",5,128,2,tanh,0.3,0.013173017536627757,0.25,0.022952145461414452,,1,0.0,76,random,2156,2144,0.7190677740110868,0.7428527929781992,0.5178525587144863,nan,nan,439,239,1,129.0542709827423
random,11,ae,linear,5,46,"(128, 128)","(8, 16)",3,8,1,relu,0.3,1.0830495324324904e-05,0.1,0.008836403877112254,,1,0.0,0,random,2765,2760,0.6940479414221715,0.7415987763315349,0.5157352374830007,nan,nan,276,76,1,157.35716247558594
random,12,ae,mlp,23,2,"(32, 32, 32)","(16, 32)",5,64,2,gelu,0.1,0.018266485447344525,0.1,0.005893464776904623,,1,0.0,77,random,3671,3552,1.0093317850762038,1.0138938549581684,1.3339906000584575e-17,nan,nan,213,24,1,229.0015218257904
random,13,ae,mlp,108,32,"(16,)","(8, 16)",9,8,2,tanh,0.1,0.0017081308654649304,0.0,0.0010869010231946126,,1,0.0,61,random,7996,7872,0.700788237010528,0.7500871993201308,0.5185351663951039,nan,nan,352,152,1,599.8688070774078
random,14,ae,gru,11,13,"(32, 32, 32)","(8,)",5,32,2,tanh,0.1,0.7202488918774103,0.1,0.003086640805017918,,1,0.0,38,random,11115,8800,1.0450873470975708,1.0541752594037046,2.5603399591474348e-17,nan,nan,215,15,1,204.34787321090698
random,15,ae,linear,16,75,"(16,)","(4,)",15,64,1,relu,0.3,0.0001307794463085263,0.5,0.0005701655106679675,,1,0.0,29,random,14416,14400,0.6900675364224389,0.756169768677972,0.5009777216208156,nan,nan,317,122,1,198.05718350410461
random,16,ae,linear,31,42,"(16, 16)","(16,)",9,8,2,tanh,0.2,3.057614190297452e-05,0.5,0.029120480007734737,,1,0.0,31,random,15655,15624,0.698992833441747,0.7552156480730705,0.5036704195668964,nan,nan,309,109,1,291.3812243938446
random,17,ae,linear,35,63,"(32, 32, 32)","(8,)",15,8,2,relu,0.0,0.0009767199686979242,0.05,0.002147597667349076,,1,0.0,32,random,26495,26460,0.6757440191525909,0.7663526217310054,0.5001683967636315,nan,nan,271,71,1,350.94991159439087
random,18,ae,mlp,48,9,"(128, 128)","(32, 64)",15,16,2,tanh,0.1,0.002522039901253031,0.1,0.0004940614162920705,,1,0.0,51,random,36656,36352,0.7132139882222236,0.747337434416039,0.5151143536732663,nan,nan,282,82,1,423.2652540206909
random,19,pod,cnn,32,62,"(128, 128)","(16, 32)",5,32,1,relu,0.2,0.00012531947480846139,0.25,0.006546236136385104,,1,0.0,20,random,67088,67008,0.7042490673046939,0.7642049543329471,0.4926675238750037,nan,nan,204,4,1,12.377408981323242
random,20,pod,mlp,118,88,"(64, 64)","(8,)",5,8,1,gelu,0.2,0.01601982824693182,0.5,0.02546250316395276,,1,0.0,72,random,79478,79232,0.9999997608615162,1.0048213662568668,0.021244255571330674,nan,nan,201,1,1,14.102782011032104
random,21,pod,gru,49,7,"(128, 128)","(8,)",9,128,2,relu,0.3,2.280824295392617e-06,0.05,0.024524410833807773,,1,0.0,79,random,159921,113792,0.6863835756507204,0.7876397281961499,0.47117150312769424,nan,nan,211,11,1,15.321718454360962
random,22,ae,cnn,110,23,"(16,)","(32, 64)",9,32,2,relu,0.3,0.13073482017332486,0.5,0.0016432130181418805,,1,0.0,7,random,184014,183808,0.7893965159341801,0.8110050906850279,0.4447617370700217,nan,nan,264,64,1,647.6393537521362
random,23,ae,cnn,3,21,"(8,)","(4,)",5,64,2,gelu,0.0,0.00033531451568736057,0.5,0.0018034118346550603,20.0,1,0.0,52,random,499,492,0.5910704813002583,0.6217477468818283,0.6274861513068126,nan,nan,217,17,1,115.88355302810669
random,24,pod,gru,4,3,"(64,)","(16,)",9,8,1,gelu,0.3,1.8035704407773434e-06,0.0,0.025656796198803924,20.0,1,0.0,56,random,564,512,0.6447002570795706,0.7265715436446789,0.5324887559233419,nan,nan,275,75,1,13.814882755279541
random,25,pod,linear,18,5,"(16,)","(16,)",15,32,1,relu,0.0,0.011904155941491704,0.1,0.0004072919812595987,20.0,1,0.0,55,random,1098,1080,0.9677538093497626,0.980387729532103,0.45188338580407067,nan,nan,352,278,1,12.444613218307495
random,26,pod,mlp,9,6,"(16, 16)","(16,)",3,16,1,gelu,0.1,2.2208979680313285e-05,0.0,0.008040292491646629,20.0,1,0.0,42,random,1593,1552,0.5761878816342816,0.6087512337046623,0.6365999572763957,nan,nan,341,141,1,15.14008617401123
random,27,pod,cnn,10,13,"(128, 128)","(16,)",3,16,2,gelu,0.1,0.4390094844670524,0.0,0.0039878672435733325,20.0,1,0.0,5,random,2682,2656,0.9999493977470659,1.0095392675684902,0.14152748984024116,nan,nan,201,1,1,10.545304298400879
random,28,ae,mlp,2,6,"(32, 32)","(4,)",9,32,1,tanh,0.0,1.0345196789261312e-06,0.25,0.021810857570519922,20.0,1,0.0,49,random,3458,3392,0.6300672876032742,0.6919232875236441,0.5709855617823848,nan,nan,203,3,1,153.00026607513428
random,29,pod,gru,45,29,"(16,)","(8,)",5,16,2,relu,0.0,1.3044484733211215e-06,0.1,0.0065166525710698645,20.0,1,0.0,67,random,3837,3408,0.5951046672905654,0.7124985338764563,0.547531601743941,nan,nan,265,65,1,17.123682737350464
random,30,pod,cnn,5,51,"(128, 128)","(8, 16)",3,64,1,gelu,0.5,0.08207809508243939,0.1,0.017142794697605334,20.0,1,0.0,4,random,4781,4752,0.9999993215042252,1.0095998815549734,0.0865106798563028,nan,nan,201,6,1,11.103111267089844
random,31,pod,cnn,57,4,"(16, 16)","(16,)",9,64,1,tanh,0.2,0.000496617611419717,0.5,0.00093170529451993,20.0,1,0.0,34,random,5449,5376,0.6975024463516447,0.7349771448619005,0.5462079394239782,nan,nan,399,209,1,15.9264817237854
random,32,pod,mlp,9,3,"(64, 64)","(8, 16)",9,32,2,gelu,0.1,0.012055094673620795,0.05,0.009133444936598406,20.0,1,0.0,3,random,7113,6976,0.9999998995624766,1.009578828544076,0.06871846076029962,nan,nan,201,12,1,9.147959232330322
random,33,pod,gru,108,15,"(64, 64)","(16,)",15,32,1,gelu,0.5,2.6020070598283827e-06,0.25,0.0007983284733319411,20.0,1,0.0,30,random,7980,7680,0.5531819255525018,0.644537686967647,0.6043304493252573,nan,nan,576,376,1,26.568283557891846
random,34,pod,cnn,11,6,"(32, 32, 32)","(16, 32)",9,16,2,relu,0.2,0.001612389098994145,0.25,0.011090685155427757,20.0,1,0.0,18,random,8507,8448,0.61299763909251,0.6537056983308696,0.5990439842234404,nan,nan,231,31,1,12.630918025970459
random,35,pod,cnn,5,36,"(16, 16)","(16, 32)",5,128,1,tanh,0.5,0.0003510081618198953,0.0,0.0014899123684118114,20.0,1,0.0,11,random,9333,9280,0.5748735179637406,0.6467827699949641,0.6035437048024994,nan,nan,236,36,1,10.864010334014893
random,36,ae,mlp,15,2,"(128, 128)","(8,)",9,32,2,tanh,0.3,0.014718010536946345,0.0,0.0015497593407224866,20.0,1,0.0,21,random,21647,21376,0.6829548610888193,0.7193961787034908,0.5454527357115915,nan,nan,211,11,1,216.1103675365448
random,37,pod,mlp,26,4,"(128, 128)","(8,)",3,64,1,gelu,0.1,0.924580554015322,0.1,0.0007738759518214428,20.0,1,0.0,6,random,26138,25856,0.9999350493954725,1.0095715934129352,0.03264486440455473,nan,nan,201,1,1,11.99355673789978
random,38,ae,cnn,77,29,"(32, 32)","(8, 16)",15,64,2,relu,0.1,4.271038208626766e-06,0.0,0.005825132293942895,20.0,1,0.0,74,random,39189,39088,0.5653202672572465,0.6610562686352504,0.6048206160523744,nan,nan,203,3,1,333.1953384876251
random,39,pod,mlp,115,66,"(64,)","(32, 64)",3,16,1,tanh,0.2,0.0052311478623685865,0.1,0.004570775902023975,20.0,1,0.0,43,random,58227,58048,0.8898279311237439,0.9108474570037643,0.5376269298986859,nan,nan,277,79,1,15.147992849349976
random,40,pod,cnn,53,2,"(64, 64)","(8,)",9,16,2,relu,0.1,0.004780214945835008,0.1,0.0004214248141907362,30.0,1,0.0,66,random,1773,1712,0.9208070711493609,0.938306251483348,0.3719046865819791,nan,nan,430,234,1,17.991908311843872
random,41,ae,linear,101,2,"(16,)","(32, 64)",15,32,1,tanh,0.3,1.0472167840199468e-06,0.5,0.006802161850649062,30.0,1,0.0,33,random,2525,2424,0.7068218972897429,0.7740771402614111,0.491965310196544,nan,nan,279,79,1,404.3462860584259
random,42,pod,cnn,13,4,"(16, 16)","(16, 32)",3,8,1,gelu,0.5,0.00015608208209664785,0.1,0.0010137334905771774,30.0,1,0.0,45,random,3837,3776,0.609055911830426,0.6618506304005632,0.5872310545350321,nan,nan,369,169,1,16.539540767669678
random,43,ae,linear,4,99,"(32, 32, 32)","(8,)",15,128,1,tanh,0.0,9.540489071098671e-06,0.1,0.0007729506479940951,30.0,1,0.0,69,random,4756,4752,0.5555123462607793,0.626179294943497,0.6189696978565163,nan,nan,290,90,1,125.21511578559875
random,44,pod,linear,96,5,"(16,)","(32, 64)",3,8,1,relu,0.1,2.8714653554094574e-05,0.25,0.022438248117709596,30.0,1,0.0,15,random,5856,5760,0.6407419499783064,0.6919556721121876,0.5675328357743055,nan,nan,323,123,1,13.943282127380371
random,45,pod,cnn,59,5,"(32,)","(8, 16)",15,8,2,tanh,0.2,5.672409713003784e-06,0.0,0.01098077863875198,30.0,1,0.0,44,random,8163,8080,0.5659695051173138,0.6744912377159485,0.5785710394660919,nan,nan,252,52,1,14.41848373413086
random,46,ae,linear,27,66,"(16,)","(32, 64)",3,64,1,relu,0.3,0.060364278218236415,0.05,0.005680131732963823,30.0,1,0.0,25,random,21411,21384,0.5781330895242371,0.6446791541509773,0.6089208507645297,nan,nan,319,119,1,258.4264979362488
random,47,ae,mlp,2,90,"(32, 32, 32)","(8,)",3,16,1,gelu,0.3,0.0011290933509083547,0.1,0.010560276123751815,30.0,1,0.0,2,random,36770,36672,0.5586011819770668,0.6437773916691301,0.6104376804829021,nan,nan,368,168,1,135.3213710784912
random,48,pod,cnn,3,9,"(16, 16)","(32, 64)",15,8,1,relu,0.0,1.637888390253475e-06,0.25,0.004831004593447892,30.0,1,0.0,73,random,38307,38208,0.5931605155690363,0.6434165002997112,0.6037519722683145,nan,nan,210,10,1,11.697989463806152
random,49,pod,linear,19,3,"(64,)","(16,)",5,32,1,relu,0.0,0.00045389972831552867,0.05,0.0012099742609796617,40.0,1,0.0,65,random,703,684,0.8468660725380952,0.8785354924890281,0.4186881870736871,nan,nan,612,456,1,17.60431432723999
random,50,pod,cnn,20,4,"(8,)","(16,)",9,8,2,relu,0.5,0.10326918726379916,0.1,0.0018384458420530386,40.0,1,0.0,10,random,3044,3008,0.9999114732351386,1.00648523502261,0.0578365049798063,nan,nan,201,1,1,11.29035758972168
random,51,ae,gru,6,13,"(128, 128)","(32, 64)",5,32,1,relu,0.2,0.0001145475137839668,0.1,0.0043848456984414185,40.0,1,0.0,13,random,4614,4416,0.6079744584787702,0.6783903136029815,0.580559812458011,nan,nan,207,7,1,167.9439492225647
random,52,ae,linear,6,62,"(64,)","(4,)",3,128,2,relu,0.0,0.0020694820258418544,0.25,0.02332998657080392,40.0,1,0.0,70,random,4470,4464,0.5877999273875398,0.649561609105538,0.600721116522118,nan,nan,399,199,1,11.704121828079224
random,53,ae,linear,19,32,"(16,)","(16, 32)",3,16,2,relu,0.1,0.006600248109916027,0.0,0.006536966314400198,40.0,1,0.0,9,random,7315,7296,0.5824771222490968,0.6513987422358027,0.5993730291310051,nan,nan,315,115,1,236.91692543029785
random,54,ae,linear,11,61,"(32,)","(8, 16)",15,16,1,gelu,0.2,8.814382392818665e-06,0.5,0.0032468159384062075,40.0,1,0.0,54,random,8063,8052,0.5937404521133788,0.664154037999162,0.5883468230134402,nan,nan,324,124,1,218.62811136245728
random,55,ae,mlp,102,3,"(64,)","(16,)",3,64,2,relu,0.2,0.00014650535775311205,0.1,0.0004700983151583854,40.0,1,0.0,78,random,8998,8832,0.6473141882604976,0.7176418270846795,0.5528265165273621,nan,nan,327,127,1,506.88900089263916
random,56,pod,mlp,17,11,"(64,)","(8, 16)",9,8,2,gelu,0.5,6.931151606023426e-05,0.05,0.007405480591413756,40.0,1,0.0,1,random,9617,9536,0.6029980479176915,0.6405931310028332,0.6103827851925614,nan,nan,292,112,1,13.356852054595947
random,57,pod,mlp,2,56,"(16,)","(8,)",15,128,1,tanh,0.1,1.9269960575189887e-05,0.25,0.0028011609624521393,40.0,1,0.0,27,random,10802,10784,0.639578369442892,0.7006403023981678,0.5555657052632185,nan,nan,438,238,1,16.46873450279236
random,58,ae,cnn,13,61,"(16,)","(16,)",9,8,2,relu,0.0,0.00016017505126322945,0.05,0.007070061268296184,40.0,1,0.0,19,random,14445,14416,0.5873913930383531,0.7088404271523085,0.5730503296271505,nan,nan,205,5,1,228.11040115356445
random,59,pod,linear,20,70,"(8,)","(16, 32)",3,16,1,relu,0.1,0.0017037321598645234,0.0,0.0010082201975154773,40.0,1,0.0,50,random,16820,16800,0.8044624678833446,0.8472489955836113,0.44889166033039535,nan,nan,356,162,1,10.96952486038208
random,60,pod,mlp,30,21,"(64,)","(4,)",3,64,1,gelu,0.0,0.01954922778997146,0.1,0.0005508003256489106,40.0,1,0.0,75,random,18142,18048,0.9993408915379476,1.0059824392437489,0.14890898273717001,nan,nan,202,3,1,10.957277536392212
random,61,pod,mlp,4,20,"(64, 64)","(4,)",5,32,2,tanh,0.2,1.4933553827191462e-05,0.1,0.00030208570843288723,40.0,1,0.0,64,random,19844,19712,0.6018619694852815,0.666460618212605,0.585891354161206,nan,nan,788,588,1,28.709226369857788
random,62,ae,linear,117,15,"(16, 16)","(4,)",3,32,1,gelu,0.2,0.05567382975320137,0.1,0.00917823466020204,40.0,1,0.0,41,random,21177,21060,0.680244608979505,0.714038268392082,0.5538388262920939,nan,nan,292,92,1,481.58520317077637
random,63,ae,gru,5,62,"(32, 32)","(16,)",9,128,2,gelu,0.1,0.0017016694472562822,0.5,0.0049696909197860005,40.0,1,0.0,28,random,154245,108160,0.6079314979184145,0.6913747541781796,0.5740399185739675,nan,nan,216,16,1,176.07061648368835
random,64,pod,linear,4,5,"(32, 32)","(32, 64)",5,8,1,tanh,0.2,0.3177298987476581,0.1,0.025561368211887883,60.0,1,0.0,8,random,244,240,0.9988314719995219,1.00479758343466,0.3866633306228964,nan,nan,213,18,1,9.062434196472168
random,65,ae,mlp,21,6,"(8,)","(32, 64)",5,16,2,relu,0.1,0.009787238172677206,0.0,0.01909565404042369,60.0,1,0.0,24,random,773,744,0.683222829945003,0.7235516948894821,0.5351018282749969,nan,nan,277,77,1,221.3265402317047
random,66,pod,cnn,53,3,"(64, 64)","(8,)",5,32,1,relu,0.1,0.056559878957735614,0.5,0.02740251372817427,60.0,1,0.0,53,random,1813,1752,0.9999982231003366,1.0058187821042335,-0.0029329458472507276,nan,nan,201,2,1,10.854597568511963
random,67,pod,mlp,4,10,"(16, 16)","(4,)",9,8,1,tanh,0.3,0.05119542017454081,0.5,0.0021507133356844627,60.0,1,0.0,62,random,2276,2240,0.9998922098792977,1.0057365805122183,0.12652284956094867,nan,nan,201,1,1,9.176841974258423
random,68,pod,linear,3,81,"(32, 32, 32)","(16, 32)",9,16,2,tanh,0.0,0.1263789116134066,0.5,0.006518694317284044,60.0,1,0.0,40,random,2919,2916,0.9875248295886886,0.9941323512631833,0.2961085095247627,nan,nan,210,10,1,8.984280586242676
random,69,pod,mlp,2,5,"(32, 32)","(16,)",5,16,1,tanh,0.3,0.006875264660144425,0.1,0.007569653528312877,60.0,1,0.0,35,random,3074,3008,0.944180438107112,0.9548604049847047,0.36602337583013295,nan,nan,214,56,1,10.851410627365112
random,70,pod,linear,11,26,"(16,)","(16,)",15,16,1,gelu,0.5,0.17982772420167245,0.1,0.001383449543687782,60.0,1,0.0,63,random,3443,3432,0.9952519973062907,1.0014857379510735,0.35357851899753945,nan,nan,204,25,1,8.904959917068481
random,71,ae,linear,11,27,"(8,)","(32, 64)",15,128,1,tanh,0.3,0.5100851430531358,0.1,0.000382983976804858,60.0,1,0.0,16,random,3575,3564,0.7153599441791741,0.7532523126108042,0.5386253738364897,nan,nan,312,112,1,170.25563597679138
random,72,pod,cnn,9,26,"(64, 64)","(8, 16)",5,64,1,relu,0.2,0.0006511422219743985,0.05,0.020991522261421213,60.0,1,0.0,26,random,4897,4864,0.6659255036346353,0.6995008360774833,0.5546527929712591,nan,nan,204,4,1,11.078669786453247
random,73,pod,mlp,31,4,"(64,)","(16,)",5,32,2,tanh,0.3,1.2006768532434337e-06,0.25,0.0022155443789262856,60.0,1,0.0,23,random,5151,5056,0.6752019961370396,0.7341085083124183,0.5213544122650973,nan,nan,400,393,1,14.77277946472168
random,74,pod,mlp,17,15,"(32,)","(32, 64)",5,128,1,gelu,0.0,0.0017896894671034017,0.25,0.016246388101983894,60.0,1,0.0,71,random,6353,6304,0.7165999486013854,0.7519951329057938,0.5226454782207136,nan,nan,265,65,1,11.181575536727905
random,75,pod,cnn,37,9,"(16,)","(8, 16)",9,16,2,relu,0.3,0.0054979793662350155,0.1,0.01906698980592628,60.0,1,0.0,46,random,7405,7344,0.6965364371746774,0.7314423070804156,0.5308529824005216,nan,nan,212,12,1,11.742610931396484
random,76,ae,cnn,18,43,"(128, 128)","(8, 16)",15,128,2,relu,0.2,0.2103837395463851,0.5,0.004472423299349419,60.0,1,0.0,58,random,15786,15744,0.7042062459623334,0.7536352821160114,0.5105205464124055,nan,nan,252,52,1,206.97327828407288
random,77,pod,cnn,3,59,"(32, 32, 32)","(32, 64)",3,128,1,tanh,0.3,0.6175725293440113,0.0,0.0019027076070480752,60.0,1,0.0,22,random,18723,18624,0.9998690908297844,1.0056979476525674,0.2577647717992771,nan,nan,201,1,1,9.263593196868896
random,78,ae,linear,83,35,"(32, 32, 32)","(8, 16)",3,64,2,gelu,0.0,1.1725257675008762e-06,0.0,0.0012323326954204585,60.0,1,0.0,57,random,34943,34860,0.6309773138658507,0.712797687361689,0.5559859443483937,nan,nan,301,101,1,424.36736512184143
random,79,ae,linear,49,78,"(16,)","(8,)",9,16,1,tanh,0.0,0.0004926650645530754,0.5,0.000892596336572345,60.0,1,0.0,17,random,45913,45864,0.6246371282136743,0.719263195477502,0.54444683265331,nan,nan,310,110,1,352.0395987033844
random,0,pod,linear,4,3,"(32, 32)","(8, 16)",15,64,2,relu,0.0,0.0002180714549824353,0.25,0.004480630059231751,,1,0.0,64,random,148,144,0.8417711603428083,0.8741748470852836,0.382413103961066,nan,nan,468,268,1,26.097248554229736
random,1,ae,cnn,17,8,"(32, 32, 32)","(4,)",5,8,1,tanh,0.2,0.010664986424240418,0.5,0.02611063499071955,,1,0.0,75,random,805,784,0.7321730068995334,0.7629104286516052,0.49594084133528055,nan,nan,319,119,1,238.26968002319336
random,2,ae,cnn,17,3,"(32,)","(8,)",5,8,1,gelu,0.3,0.02079715094822393,0.0,0.0004507147685039935,,1,0.0,36,random,913,888,0.7506334932587875,0.7945105285978136,0.46221029522301404,nan,nan,405,211,1,14.166632413864136
random,3,ae,cnn,26,3,"(32, 32)","(8,)",3,128,1,relu,0.1,0.0013048192004524383,0.0,0.006490817890159712,,1,0.0,9,random,946,912,0.7382635413739116,0.7834636272811578,0.47940822866715277,nan,nan,257,57,1,271.98135590553284
random,4,pod,gru,4,66,"(16, 16)","(8, 16)",3,8,2,gelu,0.0,0.10892680136888211,0.1,0.0017034585690819848,,1,0.0,52,random,996,992,1.0000200920101667,1.0048321909016742,-0.06351348013355085,nan,nan,205,34,1,12.328781843185425
random,5,pod,linear,5,18,"(64,)","(16,)",5,64,2,gelu,0.2,0.04419207413176403,0.1,0.014232679407093341,,1,0.0,71,random,1085,1080,0.9845335522937486,0.9912673893639802,0.3385264872193953,nan,nan,231,31,1,9.797495603561401
random,6,ae,mlp,111,4,"(8,)","(16,)",15,32,1,tanh,0.1,7.221876857347702e-06,0.05,0.009583148840882436,,1,0.0,19,random,1391,1272,0.7366459581248709,0.7737229988049373,0.49323336540856505,nan,nan,336,142,1,631.4030055999756
random,7,pod,mlp,3,15,"(8,)","(4,)",5,16,1,gelu,0.0,0.001411483056777002,0.1,0.0003132353113246544,,1,0.0,53,random,1475,1464,0.751702222874885,0.778139997859278,0.4845898111303366,nan,nan,828,828,1,23.70655345916748
random,8,pod,linear,100,3,"(32, 32, 32)","(32, 64)",9,128,1,relu,0.3,2.037522328315444,0.5,0.0017758686123710821,,1,0.0,43,random,3700,3600,1.000019718739791,1.0049687546477577,-0.0036284426739715916,nan,nan,202,21,1,11.235707521438599
random,9,pod,gru,28,2,"(64, 64)","(8,)",9,32,1,gelu,0.3,0.0036816322298829384,0.05,0.014935196157982644,,1,0.0,12,random,5340,5120,0.9888784641693242,0.9949150125642066,0.2946762897319325,nan,nan,223,23,1,13.389496564865112
random,10,pod,linear,24,31,"(32, 32, 32)","(8, 16)",9,8,2,tanh,0.2,0.001685054269221773,0.25,0.02951523052645654,,1,0.0,49,random,8952,8928,0.8694802678843421,0.890950641129207,0.3853646925657284,nan,nan,217,17,1,9.786451816558838
random,11,pod,mlp,38,48,"(16,)","(4,)",5,16,1,relu,0.1,0.08623278657970147,0.5,0.005384841478130277,,1,0.0,44,random,9878,9824,0.9998482448039973,1.0046614582183109,0.1290758916296635,nan,nan,201,1,1,10.782535076141357
random,12,ae,cnn,47,39,"(32,)","(8,)",9,128,2,gelu,0.3,4.1095266283680326e-05,0.0,0.001345226320674979,,1,0.0,29,random,15583,15528,0.7049360310922175,0.7721128338081243,0.49472444607151617,nan,nan,211,11,1,428.1133306026459
random,13,pod,linear,60,24,"(32,)","(16, 32)",5,32,2,relu,0.1,3.2032838778293657e-06,0.05,0.005433966031299579,,1,0.0,50,random,17340,17280,0.697888824768845,0.738851193702979,0.5155728104032106,nan,nan,445,245,1,14.789754629135132
random,14,pod,mlp,3,38,"(64,)","(8,)",9,8,2,gelu,0.5,0.0035546342349040225,0.1,0.001204135346752543,,1,0.0,65,random,29443,29376,0.7809884614754058,0.8124998448982497,0.4650344478954617,nan,nan,271,71,1,10.426480770111084
random,15,ae,mlp,92,75,"(32,)","(32, 64)",5,16,1,gelu,0.1,0.04669300605622016,0.5,0.0012932607318141536,,1,0.0,51,random,31868,31744,0.7850128200236163,0.83708669867342,0.4171898329764918,nan,nan,276,76,1,580.7075591087341
random,16,ae,gru,56,5,"(64,)","(4,)",5,64,2,relu,0.5,0.011083106936341168,0.05,0.0012756633755114065,,1,0.0,45,random,43576,32768,0.771340104189759,0.8030825022364548,0.4565126473801847,nan,nan,242,42,1,424.73323941230774
random,17,pod,linear,93,44,"(64, 64)","(16,)",3,64,2,tanh,0.3,0.00028062249467921595,0.5,0.003434417112019692,,1,0.0,55,random,49197,49104,0.780002561182584,0.8187948801942938,0.4521197370530656,nan,nan,349,149,1,13.261881589889526
random,18,ae,cnn,3,2,"(32,)","(4,)",15,128,2,relu,0.3,0.13516218004775601,0.0,0.0043933370043219185,20.0,1,0.0,41,random,751,744,0.7210524519432027,0.7616162525520139,0.5048834194403088,nan,nan,219,19,1,108.02328848838806
random,19,pod,mlp,11,3,"(16,)","(32, 64)",15,128,1,gelu,0.1,0.5168978818791551,0.25,0.00408220511944846,20.0,1,0.0,28,random,779,752,1.00000095685957,1.0096535828028605,-0.024950331334501922,nan,nan,201,5,1,9.859084129333496
random,20,ae,linear,10,36,"(128, 128)","(8,)",3,16,2,tanh,0.2,0.2055767636282604,0.5,0.001695777548568396,20.0,1,0.0,5,random,4330,4320,0.5909716406908128,0.6251459665854312,0.6222982363840666,nan,nan,281,81,1,177.9548420906067
random,21,pod,gru,13,2,"(128, 128)","(8,)",15,32,2,gelu,0.3,4.020517079521636e-05,0.1,0.01164306030735899,20.0,1,0.0,46,random,11181,8864,0.6109609842756747,0.7331436720480106,0.5260210473506759,nan,nan,237,37,1,14.460130214691162
random,22,ae,gru,17,91,"(32, 32, 32)","(4,)",5,64,1,relu,0.3,1.35032350507599e-05,0.5,0.016610847958712434,20.0,1,0.0,0,random,16081,15680,0.5673805126994723,0.6959469313122082,0.596434432323096,nan,nan,203,3,1,193.75543355941772
random,23,pod,gru,10,43,"(8,)","(4,)",5,128,1,gelu,0.5,0.015500836653243713,0.05,0.01110895734345107,20.0,1,0.0,16,random,55818,55040,0.9999323276432927,1.009536028502374,0.3499667784506011,nan,nan,201,1,1,11.788525104522705
random,24,pod,mlp,18,79,"(64, 64)","(32, 64)",5,16,1,tanh,0.0,0.01125715089031168,0.05,0.0007345616909267521,20.0,1,0.0,24,random,66066,65920,0.9420294862675067,0.9589313567074461,0.39957328612718174,nan,nan,264,64,1,11.954299926757812
random,25,pod,linear,77,72,"(64,)","(8,)",3,128,1,tanh,0.3,0.010649566335719157,0.05,0.003082532350675926,20.0,1,0.0,7,random,66605,66528,0.9014536037557743,0.9262305784863847,0.37599235649998547,nan,nan,218,18,1,10.413774728775024
random,26,pod,linear,64,95,"(16, 16)","(4,)",9,16,2,gelu,0.1,0.07285908791034838,0.5,0.021717720661706758,20.0,1,0.0,15,random,73024,72960,0.9773444843293898,0.9897315518844634,0.27638991139715496,nan,nan,202,2,1,9.882632493972778
random,27,pod,linear,4,15,"(64, 64)","(16, 32)",15,32,1,gelu,0.3,7.10790801010728e-05,0.05,0.008742111102804902,30.0,1,0.0,33,random,724,720,0.6155308095584879,0.652717132679831,0.6044897992406112,nan,nan,413,215,1,12.515929460525513
random,28,ae,gru,37,83,"(64,)","(16,)",3,8,1,gelu,0.2,0.5854821819158985,0.25,0.0007755950158425209,30.0,1,0.0,31,random,861,776,1.0402999143676668,1.0514084712182448,0.14474241560443513,nan,nan,247,70,1,256.61131596565247
random,29,pod,cnn,7,17,"(8,)","(4,)",9,8,2,gelu,0.1,0.6501988170990723,0.1,0.007908512194054975,30.0,1,0.0,72,random,919,908,1.0000010500737135,1.0072671640010502,0.012614814790392686,nan,nan,201,2,1,9.855860471725464
random,30,ae,linear,3,26,"(32, 32, 32)","(16, 32)",9,64,1,relu,0.5,0.35900746444716086,0.5,0.0003553107891580972,30.0,1,0.0,56,random,939,936,0.6013699691307682,0.6315182723312454,0.6177801588358355,nan,nan,338,138,1,124.31561255455017
random,31,pod,linear,22,4,"(32, 32)","(16, 32)",3,8,1,gelu,0.0,0.013227222898027819,0.1,0.002764824605656159,30.0,1,0.0,62,random,1078,1056,0.9818242856719064,0.9913623224323957,0.4238287620879174,nan,nan,221,26,1,9.242017984390259
random,32,ae,cnn,8,36,"(128, 128)","(4,)",5,16,2,gelu,0.1,4.061943716556337e-06,0.1,0.0068122384983534175,30.0,1,0.0,34,random,1404,1392,0.5612314129418848,0.620637955154571,0.6219952986039703,nan,nan,232,32,1,166.26560044288635
random,33,ae,linear,51,3,"(32,)","(8, 16)",9,8,1,tanh,0.2,5.300758402388016e-06,0.25,0.0032348929573171,30.0,1,0.0,60,random,1887,1836,0.6399112179807569,0.6955731604068813,0.5633766414167638,nan,nan,261,61,1,265.0469150543213
random,34,ae,linear,91,2,"(16,)","(16, 32)",15,128,2,tanh,0.1,1.1627567907139845e-05,0.25,0.0021939443507941266,30.0,1,0.0,35,random,2275,2184,0.6632091521414489,0.7267977109766883,0.5370194300877075,nan,nan,302,110,1,354.4130563735962
random,35,ae,gru,16,37,"(64,)","(4,)",5,16,2,tanh,0.5,0.05901988860426529,0.05,0.007203984013409114,30.0,1,0.0,37,random,3344,2944,0.8098729103346506,0.8349093683427663,0.42254133863217425,nan,nan,215,15,1,192.8768503665924
random,36,ae,linear,25,11,"(128, 128)","(32, 64)",15,128,1,relu,0.5,0.0029897112666858396,0.05,0.0064041608420260816,30.0,1,0.0,57,random,3325,3300,0.5749292763615136,0.6175125514776378,0.6281504651696974,nan,nan,284,95,1,205.86958742141724
random,37,ae,cnn,35,31,"(64,)","(4,)",3,8,2,gelu,0.5,0.0020109609043899327,0.0,0.002254877514890351,30.0,1,0.0,66,random,4523,4484,0.5675656482353876,0.6328409487040713,0.6201012793831819,nan,nan,274,101,1,234.20440030097961
random,38,pod,gru,14,11,"(32,)","(4,)",3,32,1,gelu,0.2,0.10890447910059245,0.1,0.0215560719457522,30.0,1,0.0,32,random,4878,4672,1.0000012585670115,1.0072800157968962,-0.023680662156769196,nan,nan,201,1,1,11.747175693511963
random,39,pod,linear,18,25,"(32,)","(32, 64)",15,32,2,tanh,0.1,1.0526001827449414,0.0,0.006740979161306575,30.0,1,0.0,3,random,5418,5400,0.998679095018708,1.0060900503025727,0.2755410661091503,nan,nan,201,1,1,8.747755289077759
random,40,pod,linear,37,16,"(32, 32, 32)","(16, 32)",9,8,1,relu,0.3,0.0017142814489590772,0.05,0.0014063268037549875,30.0,1,0.0,8,random,7141,7104,0.8188661817335312,0.8487396972191119,0.48148148574759814,nan,nan,363,177,1,12.223125457763672
random,41,ae,cnn,6,35,"(32,)","(16, 32)",3,32,2,relu,0.0,0.000275625081019715,0.0,0.0013215797482255757,30.0,1,0.0,42,random,8886,8832,0.5847008436758142,0.6468650495389263,0.6026868185396752,nan,nan,204,4,1,127.24008202552795
random,42,pod,linear,86,16,"(128, 128)","(16, 32)",3,128,1,gelu,0.1,0.004279493858538467,0.5,0.009884278067060452,30.0,1,0.0,30,random,16598,16512,0.8954019352276551,0.9154315204118338,0.4448596491786335,nan,nan,212,12,1,10.415148973464966
random,43,pod,linear,3,23,"(32,)","(16,)",3,64,2,tanh,0.5,7.231926796435709e-06,0.1,0.013868004710860105,40.0,1,0.0,76,random,831,828,0.6325615713621124,0.663212815138916,0.5878060322068739,nan,nan,333,145,1,11.090607643127441
random,44,ae,cnn,77,6,"(8,)","(4,)",5,32,2,gelu,0.3,0.0017017853736092513,0.5,0.0007734840888644851,40.0,1,0.0,78,random,2169,2088,0.6509522113606162,0.6965545903415802,0.5649833999677792,nan,nan,288,88,1,333.9279007911682
random,45,ae,mlp,16,21,"(8,)","(32, 64)",9,32,2,tanh,0.3,0.031219785985283004,0.0,0.00132542662280137,40.0,1,0.0,10,random,2168,2144,0.6428866328385187,0.6770035840763808,0.5810447443131405,nan,nan,247,47,1,229.02761054039001
random,46,ae,cnn,5,24,"(32,)","(16,)",3,128,2,gelu,0.1,1.0528624272950195e-06,0.05,0.0008531200873606765,40.0,1,0.0,39,random,2517,2496,0.5920452923301338,0.6656281529647995,0.5914904629601706,nan,nan,238,38,1,166.9607174396515
random,47,pod,gru,2,7,"(32, 32, 32)","(32, 64)",3,16,2,relu,0.1,0.28186784180450725,0.0,0.0006786480999814819,40.0,1,0.0,70,random,3106,2720,0.9999965185889915,1.0065561220801038,0.03400592929695643,nan,nan,206,102,1,12.792181015014648
random,48,pod,linear,28,13,"(64, 64)","(32, 64)",9,64,1,tanh,0.2,0.0005368425362575741,0.25,0.00040537862603494385,40.0,1,0.0,69,random,4396,4368,0.7597774527997186,0.7961935051577221,0.5008481914257001,nan,nan,922,922,1,21.96963357925415
random,49,pod,mlp,22,15,"(32,)","(16,)",15,128,1,gelu,0.3,0.0009226882031434442,0.1,0.019014332593518635,40.0,1,0.0,47,random,6518,6464,0.6531030700868108,0.6921005888372799,0.5738186821322626,nan,nan,250,50,1,11.01653242111206
random,50,pod,cnn,16,24,"(16, 16)","(16,)",9,8,1,gelu,0.0,1.724058556304938e-06,0.1,0.0007410559666662412,40.0,1,0.0,74,random,7904,7872,0.597543705038006,0.6570467335942315,0.5906743142127574,nan,nan,267,67,1,11.648899555206299
random,51,pod,mlp,41,2,"(64, 64)","(32, 64)",3,32,1,tanh,0.1,0.093904614247984,0.05,0.02146666378785312,40.0,1,0.0,27,random,8425,8256,1.0000003940602944,1.0065485558289675,0.004182038955815039,nan,nan,201,13,1,11.163055419921875
random,52,pod,mlp,114,11,"(32, 32)","(16,)",3,128,2,gelu,0.0,9.790266518635778e-05,0.05,0.012337214822807118,40.0,1,0.0,6,random,9074,8896,0.5813187659058394,0.6516344846242896,0.5972406536537506,nan,nan,225,25,1,12.822706460952759
random,53,pod,mlp,4,21,"(64,)","(16,)",9,8,2,gelu,0.1,2.6523659819705188,0.05,0.006094513613580391,40.0,1,0.0,79,random,16452,16384,0.9999939851019527,1.0065607883087222,0.04001424672622005,nan,nan,201,1,1,9.7083420753479
random,54,ae,gru,44,7,"(8,)","(8,)",9,64,1,relu,0.3,0.07297483058410131,0.25,0.010321687077291083,40.0,1,0.0,67,random,17836,17408,0.8838160057501933,0.9053647986299019,0.3618646419380521,nan,nan,201,1,1,290.59931778907776
random,55,ae,mlp,3,8,"(128, 128)","(32, 64)",3,8,1,tanh,0.3,0.0004249981717920865,0.0,0.00031622337038717023,40.0,1,0.0,63,random,29315,29056,0.6268075471904149,0.6627870878366969,0.5982038232518387,nan,nan,331,131,1,171.7119219303131
random,56,pod,gru,113,26,"(32,)","(4,)",15,64,2,tanh,0.0,2.929829691372227,0.25,0.0028464558773649354,40.0,1,0.0,18,random,47281,36416,0.9999998782306644,1.006549837766206,0.012857723404138493,nan,nan,201,1,1,15.233866214752197
random,57,ae,mlp,28,41,"(64, 64)","(4,)",3,64,1,tanh,0.3,3.66416758296176e-05,0.5,0.025316606917457476,40.0,1,0.0,14,random,37532,37376,0.5904436926298041,0.6926279460151046,0.5733804198681413,nan,nan,343,143,1,238.36664700508118
random,58,ae,gru,2,98,"(64, 64)","(16,)",5,128,1,tanh,0.3,0.004101561288327943,0.05,0.0041196744809397536,40.0,1,0.0,38,random,54786,54016,0.6289474998615017,0.662275010136579,0.5922655928643319,nan,nan,209,9,1,116.48344016075134
random,59,pod,gru,3,60,"(16,)","(8,)",3,128,1,tanh,0.0,7.97582956391511e-06,0.1,0.012240769336885553,40.0,1,0.0,22,random,54915,54144,0.6362939873819187,0.6858121812408964,0.5689599667671713,nan,nan,212,13,1,10.894624948501587
random,60,ae,linear,82,68,"(32, 32)","(16,)",15,8,2,relu,0.5,1.976334442424306e-05,0.25,0.0006960928907235417,40.0,1,0.0,48,random,66994,66912,0.5745720816556047,0.6802511066786562,0.581749278010759,nan,nan,341,141,1,356.42288541793823
random,61,ae,mlp,38,50,"(128, 128)","(8,)",3,16,2,gelu,0.2,0.8514474289147275,0.0,0.0088161751196875,40.0,1,0.0,21,random,98342,98048,1.0520131832282547,1.062115235170144,-0.08465915747077804,nan,nan,201,1,1,272.4171702861786
random,62,pod,linear,5,20,"(32, 32, 32)","(16, 32)",5,64,2,gelu,0.1,0.006758016010302325,0.25,0.0004754552805194425,60.0,1,0.0,77,random,1205,1200,0.9167983242536772,0.9315290731818336,0.3956256057953135,nan,nan,372,175,1,11.66392970085144
random,63,ae,cnn,3,23,"(64, 64)","(8,)",9,128,2,tanh,0.0,0.5798022816886659,0.1,0.0035805541209762465,60.0,1,0.0,20,random,1427,1416,0.6980199722011579,0.7403557638041905,0.5356215191205947,nan,nan,230,30,1,161.80920815467834
random,64,pod,cnn,48,6,"(32, 32, 32)","(4,)",15,128,2,relu,0.0,7.023198049843017e-05,0.5,0.02478256857585881,60.0,1,0.0,61,random,1924,1872,0.6733659297534746,0.7167082216374666,0.5387841945920951,nan,nan,274,74,1,12.19092607498169
random,65,pod,mlp,126,10,"(8,)","(8, 16)",5,32,2,relu,0.1,1.723152905462414e-06,0.5,0.0017335856845186403,60.0,1,0.0,26,random,2102,1968,0.6700097377936829,0.7028782570795566,0.5567184534336638,nan,nan,473,274,1,17.76932644844055
random,66,pod,cnn,17,28,"(16, 16)","(4,)",3,64,1,tanh,0.1,0.0010089965686239796,0.1,0.0005096921891026615,60.0,1,0.0,68,random,2069,2048,0.7569364415437715,0.7818439497923597,0.5141974450146958,nan,nan,512,312,1,17.27241063117981
random,67,pod,mlp,7,5,"(32,)","(4,)",5,8,1,gelu,0.2,0.028956995847952187,0.5,0.001222402648909952,60.0,1,0.0,58,random,2183,2144,0.9998024573244596,1.0056531784824545,0.15380758828097066,nan,nan,202,2,1,9.537836790084839
random,68,ae,cnn,11,7,"(128, 128)","(8, 16)",5,32,1,relu,0.2,0.08049656884427386,0.05,0.005528708471143278,60.0,1,0.0,17,random,2387,2352,0.6944691529649454,0.7328394598732665,0.5251092459176907,nan,nan,261,77,1,170.97861552238464
random,69,ae,linear,65,5,"(32,)","(16, 32)",15,16,1,tanh,0.0,1.117636006996229e-05,0.0,0.0006572087548177695,60.0,1,0.0,25,random,3965,3900,0.6807762111110837,0.7224271158286993,0.5381890314231222,nan,nan,548,353,1,374.2418484687805
random,70,ae,linear,10,36,"(16, 16)","(16, 32)",3,128,1,relu,0.1,0.0004898524944823827,0.1,0.012653204137256341,60.0,1,0.0,11,random,4330,4320,0.6207854413519565,0.6855316017042817,0.568507854336424,nan,nan,309,109,1,178.45018005371094
random,71,pod,linear,24,16,"(64, 64)","(8, 16)",9,64,1,relu,0.0,0.6447145945762238,0.05,0.013913890078585244,60.0,1,0.0,13,random,4632,4608,0.9990159858394364,1.0049459975066826,0.36612922388092894,nan,nan,204,10,1,8.818096399307251
random,72,pod,cnn,15,9,"(128, 128)","(16,)",15,64,1,relu,0.0,0.00036787219621880676,0.25,0.02937753817579126,60.0,1,0.0,59,random,5071,5040,0.6600447420400882,0.7065917176970403,0.5475388586041184,nan,nan,215,15,1,10.248627424240112
random,73,pod,mlp,5,30,"(16,)","(16, 32)",9,8,2,relu,0.2,1.2759620049713757e-05,0.05,0.0008314278626966101,60.0,1,0.0,4,random,5861,5840,0.6588464493999563,0.6965849141469084,0.5584195887721412,nan,nan,520,371,1,15.44038462638855
random,74,ae,mlp,15,11,"(32, 32, 32)","(4,)",15,128,2,gelu,0.1,1.8875379070752505,0.1,0.000679996106812759,60.0,1,0.0,1,random,6863,6752,1.172030396823427,1.1981384543967428,-1.1081641476376003e-17,nan,nan,240,56,1,232.29279041290283
random,75,pod,gru,3,14,"(16, 16)","(8, 16)",15,32,2,tanh,0.1,6.941732835233273e-06,0.1,0.00036729617112098357,60.0,1,0.0,40,random,10851,8544,0.6724359271084779,0.7508811464896705,0.5064067143645918,nan,nan,869,669,1,39.06368327140808
random,76,pod,cnn,55,9,"(16, 16)","(16,)",15,16,2,gelu,0.5,0.09927231738010492,0.1,0.007986497819171268,60.0,1,0.0,23,random,10871,10800,0.9999887586103571,1.0058150255491423,0.052728554688448614,nan,nan,201,1,1,10.722038507461548
random,77,ae,cnn,3,10,"(32, 32, 32)","(32, 64)",5,8,2,relu,0.5,0.13349428507724573,0.0,0.0032376461231728862,60.0,1,0.0,54,random,14179,14080,0.6990708222842587,0.7383924851440735,0.5367896711661654,nan,nan,241,41,1,10.724432945251465
random,78,ae,cnn,3,55,"(128, 128)","(32, 64)",9,64,1,gelu,0.0,9.543518118409393e-05,0.0,0.00179311840991835,60.0,1,0.0,73,random,32547,32448,0.6405812495713872,0.7276186902754772,0.5399938839724571,nan,nan,205,5,1,9.72575306892395
random,79,pod,cnn,38,80,"(16,)","(8, 16)",3,8,2,relu,0.2,0.001737903601417926,0.1,0.024790530869492473,60.0,1,0.0,2,random,49374,49312,0.6358005262569563,0.7034552326711984,0.5507311640258121,nan,nan,269,69,1,13.070858716964722
pair,0,ae,linear,4,25,"(32, 32)","(16, 32)",5,32,1,tanh,0.0,0.0,0.0,0.003,,1,0.0,0,lambda_fieldxr_field,1204,1200,0.7024510461352469,0.7328829415529997,0.5230509390780277,nan,nan,287,87,1,159.09255838394165
pair,1,ae,linear,4,25,"(32, 32)","(16, 32)",5,32,1,tanh,0.0,0.0,0.0,0.003,,1,0.1,0,lambda_fieldxr_field,1204,1200,0.7021023635734812,0.7328256449499838,0.5230278910537448,nan,nan,287,87,1,14.309056043624878
pair,2,ae,linear,4,25,"(32, 32)","(16, 32)",5,32,1,tanh,0.0,0.0,0.0,0.003,,1,1.0,0,lambda_fieldxr_field,1204,1200,0.7002665682669141,0.7325840561350886,0.5227659136149876,nan,nan,287,87,1,14.200809717178345
pair,3,ae,linear,16,25,"(32, 32)","(16, 32)",5,32,1,tanh,0.0,0.0,0.0,0.003,,1,0.0,0,lambda_fieldxr_field,4816,4800,0.6892822556087299,0.7356397796563316,0.5216459083058679,nan,nan,287,87,1,180.6517596244812
pair,4,ae,linear,16,25,"(32, 32)","(16, 32)",5,32,1,tanh,0.0,0.0,0.0,0.003,,1,0.1,0,lambda_fieldxr_field,4816,4800,0.6884226613142728,0.734988696714976,0.5220052283985152,nan,nan,287,87,1,14.265087604522705
pair,5,ae,linear,16,25,"(32, 32)","(16, 32)",5,32,1,tanh,0.0,0.0,0.0,0.003,,1,1.0,0,lambda_fieldxr_field,4816,4800,0.6844857896700804,0.7311526409818191,0.5245988923443127,nan,nan,287,87,1,14.265288829803467
pair,6,ae,mlp,4,25,"(32, 32)","(16, 32)",5,32,1,tanh,0.0,0.0,0.0,0.003,,1,0.0,0,lambda_fieldxr_field,10820,10752,0.7026083915613314,0.7386127021190919,0.5173775603990343,nan,nan,207,7,1,9.03243112564087
pair,7,ae,mlp,4,25,"(32, 32)","(16, 32)",5,32,1,tanh,0.0,0.0,0.0,0.003,,1,0.1,0,lambda_fieldxr_field,10820,10752,0.701893933901179,0.7392491801718011,0.5167882144479967,nan,nan,207,7,1,13.029107332229614
pair,8,ae,mlp,4,25,"(32, 32)","(16, 32)",5,32,1,tanh,0.0,0.0,0.0,0.003,,1,1.0,0,lambda_fieldxr_field,10820,10752,0.7030055912154107,0.7411628026267452,0.5145085418244697,nan,nan,206,6,1,12.990699529647827
pair,9,ae,mlp,16,25,"(32, 32)","(16, 32)",5,32,1,tanh,0.0,0.0,0.0,0.003,,1,0.0,0,lambda_fieldxr_field,11216,11136,0.7067419244973802,0.7575313811123587,0.5025349309456821,nan,nan,206,6,1,8.977116107940674
pair,10,ae,mlp,16,25,"(32, 32)","(16, 32)",5,32,1,tanh,0.0,0.0,0.0,0.003,,1,0.1,0,lambda_fieldxr_field,11216,11136,0.7059426019031659,0.756819564502064,0.502906044456949,nan,nan,206,6,1,13.009146213531494
pair,11,ae,mlp,16,25,"(32, 32)","(16, 32)",5,32,1,tanh,0.0,0.0,0.0,0.003,,1,1.0,0,lambda_fieldxr_field,11216,11136,0.7029314886551091,0.7526333311469093,0.5052125367096781,nan,nan,206,6,1,13.007173538208008
pair,12,ae,mlp,64,25,"(32, 32)","(16, 32)",5,32,1,tanh,0.0,0.0,0.0,0.003,,1,0.0,0,lambda_fieldxr_field,12800,12672,0.6966360105387307,0.7661645683717972,0.5132693359574,nan,nan,219,19,1,514.3040592670441
pair,13,ae,mlp,64,25,"(32, 32)","(16, 32)",5,32,1,tanh,0.0,0.0,0.0,0.003,,1,0.1,0,lambda_fieldxr_field,12800,12672,0.6918890040037387,0.7641548997371135,0.5117325155798542,nan,nan,219,19,1,13.6517493724823
pair,14,ae,mlp,64,25,"(32, 32)","(16, 32)",5,32,1,tanh,0.0,0.0,0.0,0.003,,1,1.0,0,lambda_fieldxr_field,12800,12672,0.6829220419189376,0.7658945904462143,0.5016339542058131,nan,nan,220,20,1,13.68461561203003
pair,15,ae,linear,64,25,"(32, 32)","(16, 32)",5,32,1,tanh,0.0,0.0,0.0,0.003,,1,0.0,0,lambda_fieldxr_field,19264,19200,0.6955763443912422,0.7540872756507382,0.5141850808377088,nan,nan,287,87,1,8.955533027648926
pair,16,ae,linear,64,25,"(32, 32)","(16, 32)",5,32,1,tanh,0.0,0.0,0.0,0.003,,1,0.1,0,lambda_fieldxr_field,19264,19200,0.6931653794050806,0.752671558623918,0.5142610956817383,nan,nan,287,87,1,14.56110692024231
pair,17,ae,linear,64,25,"(32, 32)","(16, 32)",5,32,1,tanh,0.0,0.0,0.0,0.003,,1,1.0,0,lambda_fieldxr_field,19264,19200,0.6856257900253092,0.7443669533745527,0.5175299842032227,nan,nan,274,74,1,14.147110223770142
random,0,pod,linear,10,3,"(64, 64)","(16, 32)",5,8,1,relu,0.5,0.0011458995523692776,0.5,0.020061579446599483,,1,0.3,21,random,370,360,0.9218285852139424,0.9383803119157684,0.3467378739731541,nan,nan,266,66,1,33.88441300392151
random,1,ae,linear,3,17,"(8,)","(8,)",5,8,2,gelu,0.3,0.00038024863571134047,0.5,0.001162181545881947,,1,0.01,47,random,615,612,0.7303703597034487,0.7539746623891758,0.5112214104057498,nan,nan,237,37,1,202.91812205314636
random,2,ae,mlp,10,3,"(16,)","(16,)",9,64,2,relu,0.5,3.13119714378223e-05,0.25,0.0005817974310379697,,1,0.3,61,random,762,736,0.7667199808331577,0.8060352556222105,0.46183040289516086,nan,nan,883,693,1,193.98410534858704
random,3,pod,gru,50,52,"(32, 32)","(8,)",15,8,2,tanh,0.0,0.0020761175911568016,0.1,0.0007350890444211938,,1,0.3,53,random,1410,1360,0.9998494383281116,1.0046915756158539,0.1901564297151533,nan,nan,215,17,1,17.797542333602905
random,4,ae,gru,8,45,"(64, 64)","(8,)",5,16,2,relu,0.2,5.363056430215434e-06,0.1,0.001954415309794179,,1,0.0,26,random,3208,2816,0.7086490724030563,0.7615309940241027,0.5010951041403695,nan,nan,215,15,1,157.86874747276306
random,5,pod,mlp,12,14,"(16, 16)","(32, 64)",9,64,1,tanh,0.5,0.3895239987679238,0.05,0.017367431722903396,,1,0.1,16,random,3180,3136,0.9999986074320715,1.004834702119322,0.04427439600818615,nan,nan,201,2,1,14.255034446716309
random,6,ae,linear,4,81,"(16,)","(4,)",5,128,1,gelu,0.3,0.0010553911734831679,0.05,0.013339049064998759,,1,0.3,38,random,3892,3888,0.6877930681454897,0.7427670616222075,0.5128215846498918,nan,nan,332,132,1,130.55557489395142
random,7,ae,gru,16,16,"(32,)","(16, 32)",3,32,1,gelu,0.3,1.0890895898676092,0.25,0.0005093150637623698,,1,0.3,8,random,4944,4736,1.0613384222330853,1.0767860733642622,-0.0001958969910122905,nan,nan,261,62,1,206.79003882408142
random,8,ae,mlp,6,34,"(16, 16)","(16,)",9,8,2,tanh,0.0,0.3741063001985175,0.25,0.018106954542092907,,1,0.1,68,random,6918,6880,0.9234620964710379,0.9426927013224479,0.2876802166330301,nan,nan,203,3,1,115.54841685295105
random,9,ae,gru,2,4,"(16,)","(8, 16)",3,64,1,relu,0.3,5.7806775866160235e-06,0.0,0.0030836602522637995,,1,1.0,46,random,15106,14720,0.7454366042277355,0.781644387367749,0.4782223139672541,nan,nan,205,5,1,107.10426735877991
random,10,ae,linear,50,39,"(32, 32, 32)","(32, 64)",15,8,2,gelu,0.5,0.000129058421603706,0.1,0.008825249857185797,,1,1.0,75,random,23450,23400,0.6733709101872518,0.7580878468267275,0.5052822864731829,nan,nan,316,151,1,495.1770370006561
random,11,ae,gru,39,93,"(16, 16)","(8, 16)",9,128,1,gelu,0.1,0.5686653035873661,0.25,0.005496728536220996,,1,0.01,41,random,59559,58752,1.0921132831751597,1.1067987869105647,0.20440700043597007,nan,nan,202,2,1,411.5502767562866
random,12,ae,cnn,95,11,"(16, 16)","(32, 64)",3,32,1,relu,0.5,2.7884362793828883,0.25,0.02371420689709986,,1,0.1,7,random,74367,74176,1.032407507458796,1.0436088050103658,-2.5843461104695996e-19,nan,nan,219,19,1,644.7183902263641
random,13,pod,mlp,2,76,"(128, 128)","(8,)",3,16,2,relu,0.0,0.00019000999855197032,0.5,0.0021846756449198238,,1,0.01,78,random,133634,133376,0.7220232418383694,0.7722547453434012,0.48240591358314383,nan,nan,222,22,1,14.11728835105896
random,14,ae,gru,4,20,"(64, 64)","(16, 32)",15,8,1,tanh,0.0,0.6864143982469406,0.25,0.00144745994709851,20.0,1,0.01,35,random,564,512,1.0265180013341686,1.0383778915750368,0.3505523291420126,nan,nan,240,40,1,122.48971462249756
random,15,pod,mlp,3,13,"(8,)","(16,)",9,32,1,relu,0.5,1.117209072158,0.0,0.007002000716504388,20.0,1,1.0,29,random,1283,1272,0.9999006292049406,1.0094537962852577,0.26947056543357906,nan,nan,201,1,1,12.760520219802856
random,16,pod,cnn,5,42,"(16,)","(8,)",3,32,2,relu,0.0,0.0842876435137783,0.25,0.000497481605053292,20.0,1,0.3,42,random,1981,1968,0.999639569646919,1.0092439475987804,0.27439166388482344,nan,nan,204,4,1,13.505326747894287
random,17,ae,cnn,83,4,"(32, 32, 32)","(4,)",15,8,2,tanh,0.5,1.1842973755831281e-05,0.1,0.01234403416040655,20.0,1,0.0,56,random,2135,2048,0.62358011322298,0.6638405167021357,0.6033584712993767,nan,nan,249,49,1,313.5872781276703
random,18,pod,mlp,14,5,"(32,)","(16,)",5,16,2,tanh,0.2,0.0005036112604020262,0.5,0.0017735814476486729,20.0,1,0.3,57,random,2414,2368,0.701037795327743,0.7326567840219371,0.5600611811703156,nan,nan,429,229,1,20.144068002700806
random,19,ae,gru,23,2,"(16,)","(16, 32)",9,32,1,gelu,0.3,0.1851316259255761,0.1,0.029589787131567225,20.0,1,0.01,30,random,5175,4960,1.0146422191662274,1.0266399172254845,0.3144636507422467,nan,nan,202,2,1,187.15859413146973
random,20,ae,cnn,8,20,"(16, 16)","(16,)",15,16,1,gelu,0.1,0.010875737092597869,0.05,0.0004417249618281732,20.0,1,1.0,4,random,5464,5440,0.5491376198346346,0.6071021586754947,0.6358279435665466,nan,nan,226,26,1,164.86241102218628
random,21,pod,mlp,7,17,"(32, 32, 32)","(8, 16)",9,64,2,relu,0.2,2.4263277002845767,0.1,0.002153626035413032,20.0,1,1.0,49,random,8903,8800,1.0000003008572056,1.0096112317430634,0.03439605254874947,nan,nan,201,9,1,14.543516159057617
random,22,ae,mlp,24,8,"(64, 64)","(16, 32)",3,32,1,tanh,0.5,1.2332820179169881e-06,0.25,0.0005018996413314451,20.0,1,0.0,77,random,11928,11776,0.6003602799711086,0.6252305788743779,0.6254104906545395,nan,nan,348,148,1,179.88809394836426
random,23,pod,gru,9,3,"(32, 32)","(8, 16)",9,64,1,relu,0.2,0.00044747757204084313,0.05,0.00226598836578522,20.0,1,1.0,79,random,15561,15168,0.6403599098332066,0.6972541787716765,0.5637521970627327,nan,nan,335,135,1,21.249277114868164
random,24,ae,cnn,5,90,"(8,)","(16, 32)",5,32,1,gelu,0.5,0.0012099087964324757,0.1,0.0009855304673063927,20.0,1,0.0,44,random,17973,17920,0.5845452284901688,0.6488631881743973,0.6029993527533359,nan,nan,204,4,1,175.76877522468567
random,25,ae,mlp,22,16,"(128, 128)","(16,)",9,64,2,gelu,0.2,0.0003225196101196376,0.1,0.00530794994338213,20.0,1,0.1,48,random,44054,43776,0.5552258583772788,0.6240935555410013,0.628502731363842,nan,nan,204,4,1,187.03192472457886
random,26,pod,mlp,8,98,"(64,)","(16, 32)",3,32,1,relu,0.0,3.650147833589988e-06,0.5,0.00783355268326231,20.0,1,0.3,25,random,75848,75776,0.5608792286561171,0.6486036545617189,0.6003041449186124,nan,nan,208,8,1,12.254485130310059
random,27,ae,gru,3,3,"(16,)","(4,)",3,128,2,relu,0.5,1.146279530450748e-05,0.1,0.006677103838328073,20.0,1,0.01,22,random,153987,107904,0.6300188706279907,0.6929784970693188,0.5638973517329726,nan,nan,209,9,1,127.0418643951416
random,28,pod,gru,14,35,"(8,)","(8, 16)",3,128,2,relu,0.2,0.0004907339200094263,0.5,0.0006957585588559211,20.0,1,0.3,73,random,155406,109312,0.6025766589288926,0.6932218643324916,0.5661391257267618,nan,nan,300,100,1,20.247652769088745
random,29,ae,gru,112,2,"(16,)","(32, 64)",3,128,2,gelu,0.1,1.9945033172597237,0.0,0.01807142360570225,20.0,1,1.0,9,random,168048,121856,1.0159499304882504,1.0274887892628384,-0.06748016883117018,nan,nan,202,8,1,418.2933831214905
random,30,ae,cnn,6,2,"(8,)","(4,)",3,128,2,gelu,0.2,0.05309305069922434,0.25,0.0036675094170285903,30.0,1,1.0,0,random,202,192,0.6722070651459566,0.7263144888582231,0.5335312651317958,nan,nan,225,25,1,141.45745205879211
random,31,pod,linear,9,3,"(32,)","(8, 16)",9,16,2,gelu,0.3,6.628415871091045e-06,0.5,0.016094513204309692,30.0,1,0.0,15,random,333,324,0.6670619429347014,0.720275719830417,0.5411640306562161,nan,nan,464,265,1,13.489914417266846
random,32,ae,linear,5,12,"(16, 16)","(32, 64)",15,64,1,tanh,0.1,0.0006613004446649527,0.25,0.027710805183146066,30.0,1,0.1,69,random,725,720,0.5814639345089454,0.6235584383798228,0.6235687001450625,nan,nan,284,84,1,196.789537191391
random,33,ae,linear,18,15,"(32,)","(4,)",9,128,1,relu,0.2,0.10105145327073228,0.0,0.027142677238421738,30.0,1,0.1,19,random,3258,3240,0.5917759518637138,0.6286946819142856,0.6170381882567222,nan,nan,311,111,1,232.26649451255798
random,34,pod,cnn,14,15,"(64, 64)","(16, 32)",3,8,1,relu,0.1,0.17155355886558274,0.0,0.0028497930761783243,30.0,1,1.0,23,random,8894,8832,0.9999758893613286,1.0072549666409483,0.18820514590821208,nan,nan,201,1,1,14.497633457183838
random,35,ae,mlp,14,50,"(16, 16)","(8,)",5,128,2,gelu,0.5,1.1503303087173806e-06,0.0,0.0011551202579165422,30.0,1,0.1,65,random,10126,10080,0.5828515324898238,0.6363107308169093,0.6130575050179191,nan,nan,409,209,1,239.00340819358826
random,36,ae,mlp,11,7,"(64, 64)","(8,)",3,64,2,tanh,0.1,5.6626859436770336e-05,0.5,0.006665619475282143,30.0,1,0.1,55,random,10315,10176,0.5806461041959948,0.6628738557096205,0.5910524603462347,nan,nan,220,20,1,176.15140342712402
random,37,ae,cnn,10,3,"(32, 32)","(16, 32)",15,32,1,tanh,0.2,0.5771923384043307,0.1,0.0221415635928762,30.0,1,0.01,3,random,11578,11520,1.037920978519531,1.0483925389962419,0.10420549890751635,nan,nan,201,1,1,207.53721570968628
random,38,ae,mlp,4,28,"(32, 32)","(8,)",9,32,2,relu,0.5,2.9381291864222197e-06,0.5,0.0029996245684621513,30.0,1,0.3,20,random,11972,11904,0.5934418582931552,0.6366326377627652,0.6158221969273073,nan,nan,279,79,1,137.85928916931152
random,39,pod,mlp,99,2,"(64, 64)","(8,)",15,16,1,gelu,0.1,0.0010181595159702462,0.1,0.0008359646869969245,30.0,1,0.3,63,random,12195,11968,0.6532415545379334,0.7088699540806972,0.5511546675247064,nan,nan,313,162,1,20.42071771621704
random,40,pod,mlp,26,30,"(32,)","(8, 16)",15,64,2,relu,0.2,7.2017279832069e-05,0.1,0.0008618359276505609,30.0,1,0.3,43,random,12410,12352,0.557464282343937,0.6094004758517703,0.6320226892314171,nan,nan,413,213,1,20.45954442024231
random,41,ae,linear,40,28,"(16,)","(8, 16)",9,64,1,relu,0.1,0.021602979522154047,0.0,0.00030925611961398305,30.0,1,0.0,60,random,13480,13440,0.5913412835401245,0.6356265044915916,0.6193506291108992,nan,nan,687,577,1,328.5759754180908
random,42,pod,gru,2,57,"(16, 16)","(4,)",15,64,2,tanh,0.0,0.003214474450936289,0.5,0.001192737944875692,30.0,1,0.1,1,random,40066,29312,0.7749149835188474,0.7998418813227659,0.5530598131040018,nan,nan,364,164,1,25.034538507461548
random,43,ae,gru,14,66,"(16,)","(16,)",5,64,2,relu,0.2,0.00011334663578415515,0.25,0.018065574705939825,30.0,1,0.01,59,random,40846,30080,0.6144748382492856,0.6603221009806205,0.6018768676421298,nan,nan,201,1,1,18.05260419845581
random,44,ae,linear,110,46,"(32, 32)","(16,)",15,128,1,relu,0.3,0.8281058628275171,0.25,0.0004051931432498304,30.0,1,1.0,24,random,60830,60720,0.6658291231783772,0.7227774664765635,0.5596281548447674,nan,nan,232,32,1,511.33179688453674
random,45,ae,linear,76,80,"(8,)","(8,)",9,8,1,relu,0.1,1.9650492921568892,0.0,0.018729152461008047,30.0,1,1.0,50,random,73036,72960,0.7437002391894615,0.7956289423877266,0.49121363717257954,nan,nan,271,71,1,399.8707232475281
random,46,pod,cnn,2,33,"(32,)","(4,)",3,64,1,relu,0.5,2.679318508076791e-06,0.5,0.014446272874125183,40.0,1,0.0,11,random,414,408,0.6477102958576998,0.6861703904549799,0.5672367502564628,nan,nan,212,12,1,10.98804259300232
random,47,pod,gru,13,82,"(32, 32, 32)","(4,)",9,8,1,tanh,0.1,2.6697699752831134e-05,0.25,0.004265418196172536,40.0,1,0.3,67,random,645,584,0.665069310970326,0.7308335912162544,0.5260751679550917,nan,nan,521,321,1,29.260061979293823
random,48,ae,gru,5,15,"(32, 32)","(4,)",9,8,2,gelu,0.0,0.004042881276578676,0.25,0.0008356569831488331,40.0,1,0.1,33,random,1005,1000,0.6242323591434381,0.6660963275961351,0.5896547944102881,nan,nan,252,52,1,190.49402594566345
random,49,ae,mlp,22,3,"(16, 16)","(4,)",9,32,1,gelu,0.1,0.00012575793005786213,0.25,0.008158365034551376,40.0,1,0.1,52,random,1238,1184,0.6556354796315819,0.7148316496836992,0.5449758491602759,nan,nan,219,19,1,254.94876289367676
random,50,ae,mlp,5,3,"(32, 32)","(8, 16)",15,16,2,gelu,0.5,1.2652631288595018,0.0,0.001611912975291918,40.0,1,0.0,6,random,2405,2336,1.2084440593825685,1.204224123101235,6.758882190607101e-17,nan,nan,220,20,1,10.71241044998169
random,51,pod,gru,5,62,"(8,)","(4,)",9,16,2,tanh,0.5,0.1438430412576898,0.1,0.0008677720796613832,40.0,1,0.0,5,random,3157,2768,1.000000018528568,1.006559655481067,-0.031801644615848924,nan,nan,222,219,1,15.44379210472107
random,52,ae,linear,6,47,"(128, 128)","(16,)",3,128,2,relu,0.2,1.6361899557825268e-05,0.25,0.0012869598259454729,40.0,1,0.01,64,random,3390,3384,0.5949013444719058,0.6547651156227347,0.596950147406286,nan,nan,288,88,1,166.57548093795776
random,53,pod,cnn,15,67,"(32, 32, 32)","(4,)",3,64,1,tanh,0.2,0.023482951349376873,0.0,0.0015950164132298406,40.0,1,0.01,32,random,4183,4164,0.9694987220105542,0.9784548656917353,0.4272912005763108,nan,nan,215,15,1,14.210978031158447
random,54,ae,gru,2,33,"(32, 32, 32)","(16,)",3,32,1,tanh,0.3,1.9639252758532013e-05,0.5,0.0039837737248110275,40.0,1,0.1,70,random,4482,4288,0.6261906797658493,0.6736161314515895,0.5802919747826357,nan,nan,206,6,1,136.36097264289856
random,55,ae,cnn,31,3,"(64,)","(8, 16)",15,64,1,gelu,0.3,7.010314965844165e-06,0.1,0.0004411658657873623,40.0,1,0.01,58,random,4903,4848,0.652919466318741,0.7174535222716331,0.5478023135002346,nan,nan,318,154,1,292.0373809337616
random,56,ae,mlp,21,25,"(16, 16)","(8,)",5,8,2,gelu,0.2,6.327817368799064e-06,0.5,0.014895672490787264,40.0,1,0.01,74,random,5445,5392,0.6166458327679221,0.6642307448275845,0.591427038552655,nan,nan,265,65,1,256.04182624816895
random,57,pod,cnn,69,3,"(64,)","(16, 32)",5,128,1,gelu,0.0,0.000558456218363465,0.5,0.02732113087878053,40.0,1,1.0,27,random,10261,10144,0.6550516243312555,0.7211425886887646,0.5361319406085048,nan,nan,265,65,1,18.109286785125732
random,58,pod,cnn,17,52,"(16,)","(8, 16)",3,16,1,gelu,0.3,0.10242771587251416,0.1,0.0030129863815089968,40.0,1,0.0,51,random,14857,14816,0.9999916107703432,1.006556311574926,0.05511011295584617,nan,nan,201,1,1,12.125944137573242
random,59,pod,linear,39,33,"(32, 32, 32)","(8, 16)",9,64,1,tanh,0.3,0.005251897767237324,0.05,0.0018428703672273494,40.0,1,1.0,34,random,15483,15444,0.864664797914334,0.8878731834003691,0.4226411464781385,nan,nan,269,69,1,14.699981451034546
random,60,ae,cnn,20,48,"(8,)","(8, 16)",5,16,1,relu,0.2,0.011427686664381865,0.5,0.02484714761555295,40.0,1,0.01,13,random,16524,16480,0.5999381013134133,0.6968886703702885,0.5607672257347883,nan,nan,294,111,1,261.383996963501
random,61,ae,mlp,12,88,"(16,)","(8, 16)",15,16,1,tanh,0.1,2.9039134991376083e-05,0.5,0.0005323909524565881,40.0,1,0.01,12,random,17116,17088,0.5817841492230881,0.6633888679319582,0.5890449007064092,nan,nan,269,69,1,185.52610206604004
random,62,ae,gru,6,3,"(8,)","(16, 32)",3,64,2,tanh,0.3,0.7867503967385141,0.05,0.003980364001537876,40.0,1,0.1,18,random,40326,29568,1.046380727099653,1.0561033984382435,3.012680804246146e-17,nan,nan,207,7,1,18.26437544822693
random,63,pod,cnn,67,28,"(32,)","(16,)",5,32,2,relu,0.0,0.0003243492351574873,0.5,0.0006407469666162209,40.0,1,1.0,45,random,31059,30976,0.5853085327782156,0.6609027356255962,0.5879686723337632,nan,nan,322,150,1,19.226845741271973
random,64,ae,mlp,4,97,"(32, 32)","(32, 64)",5,16,1,gelu,0.0,0.8140863878679381,0.0,0.010627368143030941,40.0,1,0.0,76,random,38468,38400,1.0545830804092766,1.0646768704017933,-0.0226607338791088,nan,nan,204,4,1,130.483966588974
random,65,ae,gru,14,51,"(128, 128)","(8, 16)",5,128,2,gelu,0.2,1.2699406749033264,0.5,0.012067396075391142,40.0,1,0.0,71,random,155406,109312,1.063934731127107,1.08086650890283,-0.010060686992948568,nan,nan,201,1,1,223.68345856666565
random,66,pod,gru,3,43,"(64,)","(16,)",9,8,1,relu,0.2,3.7813651626587384e-05,0.05,0.0011637207274580617,60.0,1,0.1,66,random,555,504,0.7234157082999577,0.7860512639339001,0.47085315058518606,nan,nan,957,765,1,47.81005811691284
random,67,pod,linear,3,28,"(16, 16)","(8, 16)",5,64,2,relu,0.2,2.2541842973806068,0.5,0.007050261468364133,60.0,1,0.3,2,random,1011,1008,0.9992341176462525,1.0051012052252528,0.31655265688050027,nan,nan,201,1,1,10.770097732543945
random,68,ae,gru,23,13,"(32, 32, 32)","(8,)",3,8,2,tanh,0.0,1.7291967643787672e-05,0.1,0.026803234844169372,60.0,1,0.0,36,random,1167,1144,0.6615130767805902,0.7308979069411093,0.53998673937835,nan,nan,207,7,1,227.55009293556213
random,69,ae,mlp,125,7,"(8,)","(8,)",5,128,1,gelu,0.1,1.6134715247987885,0.25,0.021308378824272865,60.0,1,0.3,17,random,1805,1672,1.0164037148249538,1.0257818578262157,0.17526571296629545,nan,nan,203,3,1,617.6912994384766
random,70,pod,cnn,12,3,"(32,)","(8, 16)",5,64,2,tanh,0.0,0.00020114281841354662,0.25,0.02029357143075696,60.0,1,0.3,62,random,1732,1696,0.7091478474653379,0.7668760012692983,0.4924470680472888,nan,nan,265,65,1,17.39469027519226
random,71,pod,linear,26,6,"(16, 16)","(16,)",9,8,2,gelu,0.3,7.2475575513527695e-06,0.5,0.0032418366534273163,60.0,1,0.01,72,random,1898,1872,0.6962839817397162,0.7324391626242959,0.5259428665329314,nan,nan,653,492,1,25.250627994537354
random,72,ae,mlp,10,5,"(32, 32)","(16, 32)",5,64,1,gelu,0.1,0.00019264683362382742,0.0,0.0032869069023240475,60.0,1,0.1,37,random,3338,3264,0.6554825860412908,0.7239183991218613,0.5347170329063182,nan,nan,233,33,1,194.41563987731934
random,73,ae,linear,99,3,"(16,)","(4,)",15,16,2,gelu,0.5,0.2401637650315715,0.05,0.000665807263591305,60.0,1,0.1,40,random,3663,3564,0.827707677050587,0.8760177775191299,0.39996590285956707,nan,nan,237,52,1,546.174054145813
random,74,ae,linear,10,38,"(128, 128)","(16,)",9,32,2,tanh,0.1,6.518199944068594e-05,0.25,0.0007216994519963244,60.0,1,1.0,31,random,4570,4560,0.6263535542935615,0.6871395930079369,0.5655686433876995,nan,nan,285,85,1,15.715712070465088
random,75,pod,cnn,24,55,"(32, 32, 32)","(4,)",15,32,1,gelu,0.5,0.21319073837723146,0.0,0.0020318391747740504,60.0,1,1.0,14,random,6028,6000,0.9999816308260768,1.0058253592599955,0.006514397277758043,nan,nan,201,1,1,13.579740285873413
random,76,pod,mlp,5,46,"(16,)","(32, 64)",15,16,1,relu,0.3,1.0722894815141808,0.1,0.0003615286147378942,60.0,1,0.3,10,random,8933,8912,0.999973090770929,1.0058061917453947,0.025852831119472446,nan,nan,205,8,1,13.320338010787964
random,77,pod,gru,7,15,"(64,)","(8, 16)",5,64,2,tanh,0.0,0.05405941438052461,0.05,0.004106822032709975,60.0,1,1.0,54,random,40391,29632,0.9999972049272478,1.0058242165461126,0.1899130558701238,nan,nan,201,1,1,15.457964420318604
random,78,pod,cnn,46,71,"(16,)","(16,)",3,128,1,gelu,0.5,0.09379438370886702,0.05,0.004154232762025414,60.0,1,0.0,28,random,52894,52832,0.999815795784647,1.005680515909458,0.1813451155814523,nan,nan,201,1,1,10.733529329299927
random,79,ae,gru,47,30,"(64,)","(32, 64)",9,128,1,tanh,0.2,3.6428848225925043e-06,0.25,0.002132228457509431,60.0,1,0.01,39,random,60591,59776,0.6636232379385668,0.7177945074662033,0.5546071349795112,nan,nan,204,4,1,340.58030939102173
random,0,pod,linear,3,3,"(16,)","(32, 64)",9,32,1,tanh,0.2,0.0032709885288947577,0.1,0.0029532847621768616,,1,0.01,56,random,111,108,0.9576935055634215,0.9683542846337608,0.3337773436222754,nan,nan,279,79,1,21.59112000465393
random,1,pod,gru,11,12,"(64,)","(32, 64)",9,8,1,tanh,0.3,0.822696120550024,0.5,0.0005900072703582791,,1,1.0,76,random,627,568,0.9995016807661743,1.0043630431135604,0.07476820995403936,nan,nan,201,1,1,15.60102391242981
random,2,pod,cnn,4,9,"(16, 16)","(4,)",9,16,2,relu,0.3,0.012619836958996907,0.0,0.0017296960533723484,,1,0.3,9,random,584,576,0.8142147491838324,0.8388048244784208,0.4492421471105549,nan,nan,251,51,1,17.14575457572937
random,3,ae,linear,10,8,"(16, 16)","(32, 64)",5,32,2,tanh,0.5,0.010734927487869762,0.5,0.0005135006152485449,,1,0.0,27,random,970,960,0.7302319632477551,0.7628038275870798,0.4945815447182409,nan,nan,284,100,1,186.60338830947876
random,4,pod,gru,11,6,"(32, 32)","(32, 64)",15,8,2,gelu,0.3,0.0003485112684222562,0.0,0.0008728126090533963,,1,1.0,15,random,1059,1048,0.8471865384114062,0.8683075816949661,0.41897188281577485,nan,nan,930,772,1,51.06047797203064
random,5,ae,linear,4,94,"(8,)","(4,)",5,16,1,tanh,0.0,2.0017101540034966e-06,0.25,0.00041109342030811846,,1,0.0,32,random,4516,4512,0.6939351261702992,0.7427525598265144,0.5125228740705259,nan,nan,405,205,1,118.15007996559143
random,6,pod,linear,24,16,"(32, 32, 32)","(16,)",3,32,2,gelu,0.3,0.001662056898449194,0.05,0.00047093652733646885,,1,0.1,63,random,4632,4608,0.8780257499328,0.8977288023676466,0.39535072082237155,nan,nan,529,381,1,20.889028072357178
random,7,pod,mlp,11,13,"(32,)","(16, 32)",3,64,1,relu,0.3,1.8978091082710432e-05,0.5,0.00048449279737693287,,1,0.01,43,random,5387,5344,0.7239881040917868,0.7524905403641196,0.5085989024054506,nan,nan,2000,2000,0,69.16647386550903
random,8,pod,cnn,3,23,"(128, 128)","(16, 32)",5,8,2,relu,0.3,1.7951328695589967e-05,0.5,0.020134975074086885,,1,1.0,74,random,5779,5728,0.7160629756422671,0.7614929950286697,0.4954017567185015,nan,nan,209,9,1,13.388673305511475
random,9,pod,mlp,8,33,"(16, 16)","(8,)",15,64,1,relu,0.5,0.05624645414865426,0.5,0.0019631737563806317,,1,0.1,51,random,6760,6720,0.999960941155252,1.0047670287576018,0.14594749835880103,nan,nan,201,1,1,13.842555046081543
random,10,ae,cnn,12,60,"(32,)","(8, 16)",3,128,1,relu,0.5,1.8682660711113525e-05,0.1,0.029471594626337468,,1,0.01,10,random,12228,12192,0.7348371609406463,0.8115098007415342,0.4508227539261605,nan,nan,205,5,1,193.85114884376526
random,11,ae,linear,50,32,"(32, 32, 32)","(32, 64)",5,8,2,gelu,0.2,5.8951085711876946e-05,0.1,0.0014575067666666452,,1,1.0,69,random,19250,19200,0.6840841135671496,0.7500149812326723,0.5114075217245151,nan,nan,263,63,1,473.92048811912537
random,12,ae,mlp,89,15,"(64, 64)","(8,)",3,8,1,relu,0.3,0.01086060542183216,0.05,0.0029787936540754596,,1,0.0,35,random,21529,21312,0.7365851864781077,0.767322742827031,0.4943744969988409,nan,nan,271,71,1,654.3845725059509
random,13,pod,gru,109,25,"(32, 32, 32)","(8,)",3,64,2,tanh,0.5,0.0032276920302585325,0.05,0.0019028720059331072,,1,0.01,40,random,47021,36160,0.9998966477963565,1.0047110668143042,0.10251903863944914,nan,nan,201,1,1,19.359723567962646
random,14,pod,cnn,66,34,"(32, 32)","(16,)",5,32,2,relu,0.0,2.072144917986482e-05,0.0,0.0011084962611192823,,1,0.01,12,random,36946,36864,0.6899226137325001,0.7535248548496267,0.5005407163713724,nan,nan,245,45,1,15.898784637451172
random,15,ae,gru,2,51,"(32,)","(16, 32)",3,128,1,relu,0.2,0.0007285013887628801,0.0,0.0022697946867577135,,1,0.3,36,random,54786,54016,0.7236701668509504,0.7544545269036406,0.5034660325927379,nan,nan,203,3,1,107.21489715576172
random,16,ae,mlp,115,23,"(128, 128)","(16, 32)",9,32,2,tanh,0.0,1.2432109486499496,0.05,0.0007577529855567119,,1,1.0,16,random,66803,66432,1.0116188037396734,1.0223549762627435,0.14817690413177972,nan,nan,201,1,1,730.1908266544342
random,17,pod,gru,28,8,"(32, 32, 32)","(16, 32)",5,8,1,relu,0.2,0.001230456265336372,0.05,0.0005399612918464544,20.0,1,0.01,19,random,780,704,0.9100929805929142,0.9229709150712091,0.5173080423106023,nan,nan,624,426,1,33.58120346069336
random,18,pod,mlp,40,3,"(32,)","(16,)",15,16,1,relu,0.0,0.01399760052052019,0.25,0.0021974518671843586,20.0,1,1.0,67,random,2504,2432,0.9990191025558381,1.0087189938609369,0.3147376113102034,nan,nan,243,242,1,14.41517949104309
random,19,pod,cnn,2,11,"(64, 64)","(16, 32)",3,8,1,relu,0.0,3.390034927339436e-06,0.0,0.0008128836992144412,20.0,1,0.1,25,random,2866,2816,0.6149466465278886,0.6437738358631774,0.6058332812097149,nan,nan,241,41,1,15.165382623672485
random,20,ae,gru,46,4,"(64,)","(16, 32)",5,16,2,relu,0.2,2.4387106701079384e-05,0.05,0.0006735018333884431,20.0,1,0.0,55,random,3854,3424,0.6261500482208628,0.6763996691998589,0.5886861370708871,nan,nan,262,62,1,230.13901948928833
random,21,pod,mlp,25,35,"(8,)","(4,)",9,16,2,gelu,0.1,2.6780726277812357,0.5,0.00036489920947067585,20.0,1,1.0,53,random,3593,3560,0.999984706767456,1.0096696738572828,0.022851802698667628,nan,nan,207,83,1,13.76218843460083
random,22,pod,cnn,3,23,"(16, 16)","(16, 32)",5,64,2,gelu,0.2,0.0026529969584251343,0.0,0.0024876714415267656,20.0,1,0.0,3,random,5779,5728,0.5898782379683394,0.6251298500901042,0.6225549750382625,nan,nan,217,17,1,12.107106685638428
random,23,pod,mlp,22,47,"(16,)","(8,)",3,16,1,gelu,0.1,6.628183175276291e-06,0.25,0.012297564926048445,20.0,1,1.0,33,random,9414,9376,0.5384515442999428,0.60101511713077,0.6386252443068189,nan,nan,242,42,1,14.763486862182617
random,24,pod,cnn,53,4,"(16, 16)","(16, 32)",5,8,1,tanh,0.1,0.37899862942713397,0.5,0.016990080929006834,20.0,1,0.1,5,random,10405,10304,0.9999984605307687,1.0095865672892863,0.02031743618256888,nan,nan,201,1,1,15.231846332550049
random,25,ae,cnn,13,5,"(16, 16)","(32, 64)",5,8,2,tanh,0.2,4.98834618627962e-05,0.5,0.014969603538053837,20.0,1,0.3,18,random,16429,16320,0.6286665504912894,0.6778088263651709,0.5833127172533268,nan,nan,212,12,1,171.16060495376587
random,26,ae,mlp,21,23,"(64,)","(8,)",9,16,2,gelu,0.2,0.00615031445233633,0.25,0.0004052459430260258,20.0,1,0.0,31,random,19093,19008,0.5470016750958768,0.6016488238954238,0.6397482047276556,nan,nan,271,71,1,210.14060497283936
random,27,ae,cnn,9,59,"(128, 128)","(32, 64)",3,64,1,gelu,0.3,0.23919742504955818,0.25,0.018474068705592792,20.0,1,0.01,58,random,41385,41280,0.655985568163569,0.6966528419508211,0.5639096145532297,nan,nan,277,77,1,153.0234603881836
random,28,pod,gru,6,13,"(16,)","(32, 64)",9,128,1,gelu,0.1,6.215239992681414e-05,0.1,0.0006286736708452378,20.0,1,1.0,2,random,55302,54528,0.5523651960605922,0.6545353586726491,0.596561749182818,nan,nan,344,144,1,21.97711420059204
random,29,pod,gru,10,14,"(16,)","(8,)",15,128,2,relu,0.0,2.5960656128590352e-05,0.25,0.0015130294308503447,20.0,1,0.01,59,random,154890,108800,0.5431424896874345,0.6577636294503358,0.5942646310234223,nan,nan,252,52,1,19.868687391281128
random,30,ae,mlp,22,90,"(128, 128)","(16, 32)",3,64,2,gelu,0.3,0.8790306619736641,0.1,0.007184252133351287,20.0,1,0.1,13,random,157718,157440,1.0439222651451139,1.0584577315203638,-0.09681468509708642,nan,nan,201,1,1,183.4016396999359
random,31,pod,linear,9,3,"(32, 32, 32)","(8, 16)",3,16,2,tanh,0.3,4.294535159339605e-06,0.05,0.009099345621388803,30.0,1,0.3,24,random,333,324,0.6359589192599947,0.6846923432866748,0.5687368062519969,nan,nan,737,537,1,25.95806574821472
random,32,ae,linear,27,4,"(32, 32, 32)","(8,)",3,32,1,relu,0.1,0.0031991618939235934,0.1,0.0008006645635300113,30.0,1,0.3,34,random,1323,1296,0.6284263514725834,0.6771861245935838,0.5780127041836889,nan,nan,366,211,1,260.0950195789337
random,33,ae,mlp,33,4,"(16,)","(16,)",15,32,1,relu,0.5,1.8021288919992886,0.0,0.007239558119404445,30.0,1,1.0,37,random,1345,1296,1.0323158436569333,1.0479873211672563,0.3077229801590978,nan,nan,201,1,1,286.55328464508057
random,34,ae,gru,8,36,"(32, 32)","(16,)",15,16,1,relu,0.2,3.0609503844440706e-06,0.0,0.01657769509912531,30.0,1,1.0,71,random,1576,1472,0.591090507591704,0.6414227950108274,0.6070086682825627,nan,nan,202,2,1,189.77577543258667
random,35,ae,gru,19,7,"(16, 16)","(16, 32)",3,16,1,relu,0.5,0.00040833037971982,0.0,0.0007656525549322364,30.0,1,0.01,1,random,1763,1648,0.6052537494853256,0.6510593013935874,0.6040140684889641,nan,nan,253,55,1,229.5683376789093
random,36,ae,mlp,8,4,"(64,)","(32, 64)",9,128,1,relu,0.3,1.8062048421164316,0.05,0.0018653536695695586,30.0,1,0.01,78,random,3656,3584,1.0897640511905629,1.1109711883379003,4.2132248532130825e-05,nan,nan,211,34,1,13.257866859436035
random,37,pod,mlp,3,5,"(32, 32, 32)","(16, 32)",3,64,2,tanh,0.0,0.0005325481883806129,0.05,0.006413420969582628,30.0,1,0.1,11,random,4163,4064,0.6711514031074626,0.738972259310608,0.5327921396688449,nan,nan,276,76,1,15.975135564804077
random,38,pod,gru,9,5,"(8,)","(4,)",5,32,1,gelu,0.0,0.31823300657964293,0.05,0.007954177723069087,30.0,1,0.01,65,random,4713,4512,0.9999891541902185,1.0072657682383368,0.10808872524623274,nan,nan,201,1,1,13.301406383514404
random,39,ae,mlp,3,24,"(16, 16)","(8, 16)",3,8,2,gelu,0.5,0.8483257334616117,0.25,0.006572559830277786,30.0,1,0.3,28,random,4947,4912,1.0197930515850195,1.0238289759667953,-2.2595491655039684e-17,nan,nan,211,11,1,139.42097234725952
random,40,ae,linear,105,4,"(64, 64)","(8, 16)",9,8,2,gelu,0.5,7.39268193261667e-06,0.05,0.0003707623413605288,30.0,1,0.0,22,random,5145,5040,0.6298317223668456,0.6827381478617194,0.5793671267860248,nan,nan,544,344,1,433.54245114326477
random,41,pod,mlp,75,9,"(32, 32, 32)","(8, 16)",5,128,2,tanh,0.5,0.0013611280739730628,0.25,0.011268265763321007,30.0,1,0.01,57,random,8075,7904,0.8255927760055857,0.8424612958300858,0.5333436708518856,nan,nan,333,133,1,21.708576440811157
random,42,pod,cnn,69,20,"(128, 128)","(8,)",5,128,2,relu,0.3,0.07541677617184547,0.1,0.0005928779878046489,30.0,1,1.0,4,random,11597,11520,0.9996543777058714,1.0071059559241098,0.03229511732040832,nan,nan,202,3,1,14.76181697845459
random,43,ae,linear,15,66,"(128, 128)","(16,)",9,32,2,tanh,0.2,0.8975288827471305,0.25,0.01351362657602009,30.0,1,1.0,7,random,11895,11880,0.6618975707768388,0.7271721200885269,0.5894399392726329,nan,nan,312,112,1,233.0044505596161
random,44,ae,cnn,10,6,"(16,)","(32, 64)",5,16,2,gelu,0.3,0.08720235933287156,0.5,0.007869539626236495,30.0,1,0.3,46,random,16106,16000,0.6363338212349643,0.6828645699014937,0.5730203516550169,nan,nan,279,79,1,210.37611603736877
random,45,ae,cnn,60,77,"(8,)","(4,)",9,128,2,gelu,0.5,8.091695218451152e-05,0.05,0.024620072031604885,30.0,1,0.01,66,random,18976,18912,0.6109309101848013,0.7188804669258051,0.5711552072487418,nan,nan,204,4,1,312.7586097717285
random,46,ae,linear,110,17,"(16, 16)","(16, 32)",3,32,2,relu,0.2,1.621381863593906e-05,0.0,0.006706563571031195,30.0,1,0.1,21,random,22550,22440,0.5590763780825739,0.6197287774646261,0.6321397714852474,nan,nan,311,138,1,511.20958280563354
random,47,ae,mlp,35,58,"(32,)","(16,)",9,64,2,gelu,0.3,7.850412882371897e-06,0.0,0.009501260373202293,30.0,1,0.3,72,random,23459,23392,0.4910952652158373,0.6541409741952549,0.6049516214766738,nan,nan,259,59,1,286.2343897819519
random,48,pod,linear,62,46,"(64,)","(8,)",9,16,1,tanh,0.5,5.139690772236369e-06,0.1,0.003663831891085126,30.0,1,0.3,73,random,34286,34224,0.5456962573554031,0.6297970484485671,0.6136745740693725,nan,nan,491,291,1,21.004842042922974
random,49,ae,mlp,20,18,"(128, 128)","(16,)",5,32,2,relu,0.2,0.0009269084846400353,0.5,0.014192669784394193,30.0,1,0.0,30,random,46868,46592,0.5477824218598469,0.6360366008237871,0.6124793970142647,nan,nan,280,80,1,244.42806911468506
random,50,pod,cnn,87,58,"(8,)","(32, 64)",5,128,1,relu,0.2,1.7524191437603989e-06,0.1,0.0004808436415118572,30.0,1,0.1,61,random,335287,335104,0.5470790568280036,0.6521026815891737,0.596877362325326,nan,nan,223,23,1,16.970215559005737
random,51,ae,linear,2,3,"(32,)","(32, 64)",5,64,2,gelu,0.0,0.07792229340942096,0.05,0.0004054330844694841,40.0,1,0.0,29,random,74,72,0.6747214422903777,0.7190461900342097,0.5486002481298881,nan,nan,332,132,1,121.12737345695496
random,52,ae,gru,3,7,"(128, 128)","(16, 32)",15,8,2,tanh,0.0,0.42171833970844796,0.0,0.0013950383094922974,40.0,1,0.01,70,random,987,984,1.1717920026092532,1.177215962166767,1.9330840735909727e-17,nan,nan,257,57,1,193.43576765060425
random,53,ae,gru,4,22,"(64,)","(4,)",9,8,2,tanh,0.3,0.05071547187757596,0.5,0.01633794561167035,40.0,1,0.0,41,random,996,992,0.6670396787128126,0.692210235836327,0.5671144660421745,nan,nan,204,4,1,132.92517352104187
random,54,ae,mlp,2,4,"(32,)","(16, 32)",5,8,2,tanh,0.5,0.06801206754625691,0.05,0.0015676204238282954,40.0,1,0.0,50,random,1634,1600,0.6736035428288374,0.7172202646203514,0.5543941714382473,nan,nan,239,39,1,10.472655057907104
random,55,ae,gru,9,25,"(32, 32)","(16,)",5,16,2,relu,0.0,0.0015737032496827938,0.0,0.026321951320687598,40.0,1,0.01,17,random,3225,2832,0.6291262953985286,0.6800541000005285,0.578993140750859,nan,nan,202,2,1,206.68045377731323
random,56,pod,cnn,6,40,"(128, 128)","(8,)",15,128,1,tanh,0.3,1.1628762806258743e-05,0.5,0.0016881663827622542,40.0,1,0.01,8,random,3374,3360,0.6130864309021118,0.6699028242295686,0.5821074712803004,nan,nan,307,107,1,16.672885179519653
random,57,pod,linear,20,19,"(16, 16)","(4,)",5,64,1,relu,0.3,0.8762755511224585,0.1,0.015450617583530498,40.0,1,0.01,44,random,4580,4560,0.9989886456303543,1.0056593135127059,0.3506143575898216,nan,nan,210,10,1,12.304438829421997
random,58,ae,mlp,102,48,"(8,)","(32, 64)",5,8,2,relu,0.3,0.009468306850758496,0.05,0.0009496437669276554,40.0,1,0.0,38,random,5534,5424,0.6341734001786425,0.6830707184889468,0.5748389375650668,nan,nan,277,77,1,506.85712003707886
random,59,pod,mlp,79,7,"(32, 32)","(4,)",9,128,2,tanh,0.1,1.73238641589614,0.0,0.009635008252640239,40.0,1,0.01,26,random,6383,6240,0.9999988989028368,1.0065594958084807,0.016473572059129936,nan,nan,201,1,1,15.366511821746826
random,60,ae,gru,97,11,"(32, 32, 32)","(16, 32)",15,32,1,tanh,0.0,1.3405206998819599,0.25,0.01218251673192494,40.0,1,0.01,68,random,7617,7328,1.0231314453485845,1.0313291823524713,0.14402034140559047,nan,nan,201,1,1,493.49179220199585
random,61,pod,cnn,12,10,"(16, 16)","(16, 32)",5,16,1,relu,0.2,0.000342903268544646,0.05,0.003497627904432678,40.0,1,0.0,42,random,7420,7360,0.6024409540263729,0.6581260221879865,0.590636466269239,nan,nan,240,40,1,13.097090244293213
random,62,pod,cnn,10,44,"(32, 32)","(8, 16)",5,128,1,gelu,0.0,7.293250495245034e-05,0.25,0.011031693588764584,40.0,1,0.01,20,random,8194,8160,0.6167841301806483,0.6760893594973256,0.5766887544304504,nan,nan,204,4,1,14.402870178222656
random,63,pod,cnn,75,6,"(16,)","(8, 16)",5,128,1,tanh,0.1,3.4243652488341275e-05,0.5,0.012004594053749778,40.0,1,0.3,75,random,8419,8320,0.6217496393035065,0.6966476906381386,0.5570354106484715,nan,nan,269,69,1,16.887316942214966
random,64,pod,mlp,29,9,"(64, 64)","(32, 64)",15,32,2,tanh,0.0,0.0010539170793908577,0.5,0.0010557347580784863,40.0,1,0.01,39,random,13021,12864,0.7505238768780877,0.7723232523958996,0.5457458564927835,nan,nan,390,190,1,20.534802675247192
random,65,ae,gru,85,33,"(32,)","(16, 32)",15,64,2,relu,0.2,0.0017826205352206572,0.25,0.0008491731514572979,40.0,1,0.0,54,random,45461,34624,0.6282243126824912,0.6872375937384695,0.589761149612868,nan,nan,227,27,1,430.32213616371155
random,66,ae,gru,6,23,"(64,)","(16, 32)",9,128,2,gelu,0.2,4.289295409334208e-06,0.5,0.0016979833583264734,40.0,1,0.1,47,random,154374,108288,0.6184473864672916,0.6707526733887387,0.5842964232401193,nan,nan,204,4,1,166.79421854019165
random,67,ae,linear,15,5,"(32,)","(4,)",15,32,1,gelu,0.5,0.09537354074698974,0.05,0.0033758279225162683,60.0,1,0.0,14,random,915,900,0.7087497854731429,0.7554663901075688,0.5128016806042652,nan,nan,236,36,1,247.1154923439026
random,68,pod,linear,2,41,"(64,)","(32, 64)",15,16,1,tanh,0.0,3.436255344516465e-06,0.05,0.005978428040921734,60.0,1,0.01,60,random,986,984,0.6815508512945676,0.7156280083313735,0.5397402246936375,nan,nan,376,176,1,16.870699167251587
random,69,ae,mlp,79,5,"(8,)","(8, 16)",15,64,1,gelu,0.3,7.547201996533355e-06,0.5,0.01150062424098669,60.0,1,0.3,49,random,1199,1112,0.7015320825161694,0.7425031539936697,0.5222128032820537,nan,nan,244,56,1,450.87387585639954
random,70,ae,linear,19,12,"(32, 32, 32)","(32, 64)",5,128,1,gelu,0.1,0.2973836086211942,0.25,0.02262689240349113,60.0,1,0.0,23,random,2755,2736,0.7149310177469635,0.7485158416803949,0.5311919622239464,nan,nan,336,154,1,251.9552309513092
random,71,pod,gru,11,6,"(32,)","(4,)",9,16,2,gelu,0.1,1.1713472913540106e-05,0.0,0.0012561979964911278,60.0,1,0.1,48,random,3259,2864,0.6758848377426484,0.7595616518196838,0.49647924468146726,nan,nan,731,531,1,42.76173806190491
random,72,pod,linear,90,4,"(32,)","(16, 32)",5,16,2,relu,0.2,0.9944482547814961,0.1,0.0003028551344375549,60.0,1,0.0,45,random,4410,4320,0.9998457200559265,1.0056995845802184,0.17504669195888953,nan,nan,257,254,1,12.230326652526855
random,73,pod,mlp,75,3,"(64,)","(16,)",3,32,1,relu,0.0,0.0017024219732546695,0.1,0.0020161031122511936,60.0,1,0.3,52,random,7243,7104,0.7897012951383707,0.8318558550590591,0.438429423991119,nan,nan,282,82,1,16.712802410125732
random,74,pod,mlp,40,41,"(16,)","(4,)",15,128,1,gelu,0.1,0.2655689826285428,0.0,0.026358987764738336,60.0,1,1.0,79,random,8568,8512,1.0000044680832147,1.0058425682451713,-0.009439660005429494,nan,nan,201,1,1,13.460784435272217
random,75,ae,mlp,2,25,"(32,)","(16, 32)",5,128,2,tanh,0.2,0.013836519855446707,0.05,0.012224494824515332,60.0,1,1.0,6,random,9698,9664,0.651661191176233,0.6896722613944052,0.5659922340469834,nan,nan,272,72,1,122.92032933235168
random,76,pod,gru,127,13,"(128, 128)","(8,)",3,32,2,relu,0.5,0.002495978551107415,0.0,0.011895772137817263,60.0,1,1.0,64,random,14943,12512,0.8764632554069537,0.8859993487384475,0.5076332889132048,nan,nan,305,105,1,24.06320881843567
random,77,ae,mlp,82,69,"(16,)","(4,)",9,8,1,tanh,0.5,0.1335454277826534,0.5,0.001781653361746491,60.0,1,1.0,77,random,14658,14560,0.7227884189648613,0.7605326203147391,0.5214250575274727,nan,nan,276,76,1,508.8731288909912
random,78,pod,gru,12,2,"(32, 32, 32)","(8,)",3,64,2,tanh,0.2,7.070525785555294e-05,0.0,0.00496235703352511,60.0,1,1.0,62,random,40716,29952,0.6594024728432489,0.7727349859510344,0.4850493753240116,nan,nan,260,60,1,18.77450966835022
random,0,ae,linear,5,2,"(32, 32, 32)","(32, 64)",3,8,2,gelu,0.1,2.3439495103131946e-06,0.1,0.0007942774225293825,,1,0.01,55,random,125,120,0.7541148504415023,0.7924440471134058,0.46378939197592617,nan,nan,435,257,1,204.165687084198
random,1,pod,linear,5,5,"(8,)","(8,)",9,16,1,tanh,0.2,0.0026208198276998843,0.1,0.00041167688356030736,,1,0.1,71,random,305,300,0.9314281770681292,0.9446871864974841,0.376051723991042,nan,nan,580,576,1,20.941437005996704
random,2,ae,gru,6,33,"(32,)","(8,)",9,8,1,gelu,0.3,0.03399054804784178,0.0,0.0011067414717914241,,1,0.1,19,random,582,528,0.7392499072566081,0.7688184929514127,0.48681785687701545,nan,nan,262,62,1,109.6420578956604
random,3,ae,linear,2,69,"(128, 128)","(16, 32)",5,16,1,tanh,0.0,0.19959320897199764,0.1,0.0005156707055055625,,1,1.0,14,random,1658,1656,0.7102374994338573,0.7477714147686937,0.5107944637535159,nan,nan,249,49,1,93.6790599822998
random,4,pod,linear,82,7,"(128, 128)","(32, 64)",15,8,1,relu,0.0,0.03936363323910118,0.1,0.0014694871553776712,,1,0.1,28,random,6970,6888,0.9946362378753587,1.0000595756389872,0.37282017463982575,nan,nan,213,29,1,12.727740049362183
random,5,pod,linear,13,57,"(32, 32)","(8, 16)",15,64,2,tanh,0.0,0.010299320310714552,0.5,0.02365481227380436,,1,1.0,60,random,8905,8892,0.9253920203496443,0.9388397926680436,0.317749777059772,nan,nan,201,1,1,11.188302278518677
random,6,pod,cnn,4,11,"(64, 64)","(16, 32)",15,32,1,relu,0.5,0.026564012683735722,0.5,0.0018212556869339177,,1,0.0,1,random,12020,11968,0.9999946185635522,1.0048250160725603,0.19879494777650264,nan,nan,201,1,1,16.009438037872314
random,7,ae,gru,2,10,"(32,)","(16, 32)",3,64,1,tanh,0.1,0.0002540010112503436,0.5,0.0007561816123695869,,1,0.1,45,random,15106,14720,0.7249940367616905,0.7590965041847868,0.49887703624319574,nan,nan,223,23,1,15.873311281204224
random,8,ae,cnn,3,79,"(128, 128)","(16, 32)",15,64,1,gelu,0.0,0.0010896881147192546,0.5,0.012593550294923237,,1,0.0,57,random,18195,18144,0.7094276440173033,0.8083959103642472,0.4591028973598936,nan,nan,208,8,1,168.44082307815552
random,9,ae,cnn,118,25,"(8,)","(8, 16)",15,16,2,relu,0.5,0.024479555064502865,0.1,0.0036041787869102895,,1,0.01,63,random,50702,50560,0.7279520465960283,0.7682535688968867,0.503794678865814,nan,nan,271,71,1,654.0636806488037
random,10,pod,mlp,10,35,"(128, 128)","(8, 16)",9,128,2,gelu,0.2,0.018590838693190056,0.1,0.003685162834604262,,1,0.01,30,random,71690,71424,0.999999787167412,1.0048290747612831,0.040608753416234884,nan,nan,201,8,1,12.82766604423523
random,11,pod,gru,25,55,"(64,)","(16,)",3,128,2,gelu,0.1,0.0003780483960160013,0.5,0.01966405745373157,,1,0.01,62,random,156825,110720,0.741389480487211,0.7890915888922924,0.47146904714724686,nan,nan,215,15,1,16.566206216812134
random,12,ae,mlp,24,96,"(128, 128)","(32, 64)",15,128,1,tanh,0.5,0.0006655448006838289,0.1,0.0008708148895856455,,1,0.0,22,random,167192,166912,0.6746719635636866,0.7515061303593732,0.5078082025226811,nan,nan,261,61,1,223.90826749801636
random,13,ae,linear,29,2,"(64, 64)","(4,)",3,32,2,tanh,0.0,0.3253194512149304,0.1,0.000669014758513858,20.0,1,0.3,44,random,725,696,0.7867879687703083,0.8405600264024682,0.43982705614629813,nan,nan,253,53,1,188.26945734024048
random,14,pod,cnn,2,2,"(32, 32, 32)","(8, 16)",5,128,2,relu,0.0,4.637841828450915e-05,0.25,0.0010525618186611968,20.0,1,0.1,41,random,1210,1184,0.6779337822260604,0.7238124448184959,0.5362709099198072,nan,nan,347,147,1,18.086347818374634
random,15,pod,gru,8,28,"(32, 32, 32)","(16, 32)",15,16,1,tanh,0.0,1.5661224984392277,0.5,0.000657018232493115,20.0,1,0.0,21,random,1576,1472,1.0000179167669117,1.009602144709123,-0.063487725366176,nan,nan,219,25,1,12.311594724655151
random,16,pod,linear,2,66,"(8,)","(32, 64)",5,8,2,gelu,0.2,0.0023010488908902964,0.1,0.002623404251565656,20.0,1,0.01,47,random,1586,1584,0.7474225195980242,0.7918341946374293,0.5102609063496936,nan,nan,294,94,1,11.949052095413208
random,17,ae,linear,83,4,"(16,)","(8,)",3,128,2,gelu,0.2,0.0022229280301558226,0.5,0.0016916947092775357,20.0,1,1.0,37,random,4067,3984,0.6499996875639346,0.6896985576655458,0.5697906173288882,nan,nan,262,62,1,297.0799295902252
random,18,pod,linear,8,42,"(32,)","(32, 64)",9,16,1,gelu,0.0,0.0024087912171572713,0.0,0.0009816712845678464,20.0,1,0.1,27,random,4040,4032,0.7746236746264373,0.8098118885506325,0.5018040670320921,nan,nan,364,164,1,13.539563179016113
random,19,pod,cnn,5,46,"(128, 128)","(16,)",9,128,2,tanh,0.0,0.053412033533529725,0.0,0.000492509666651161,20.0,1,1.0,33,random,5429,5408,0.8849720911297125,0.9065548197693045,0.46786202440469726,nan,nan,259,59,1,13.975059747695923
random,20,ae,cnn,8,46,"(8,)","(8, 16)",3,8,1,relu,0.1,0.017459993605189444,0.5,0.0016479879758302318,20.0,1,0.3,79,random,6592,6560,0.555926360790717,0.6203391749849924,0.6255067284745496,nan,nan,228,28,1,153.4149031639099
random,21,ae,cnn,65,27,"(64,)","(4,)",5,32,1,relu,0.2,1.9582284626292674e-06,0.25,0.006192074562652562,20.0,1,0.3,46,random,7329,7260,0.5774390197109897,0.6174910664388448,0.6326177001511137,nan,nan,210,10,1,268.0927023887634
random,22,ae,mlp,7,48,"(16, 16)","(4,)",5,64,2,gelu,0.5,2.276100279033563e-06,0.0,0.0010642900219682834,20.0,1,0.3,0,random,9623,9584,0.5882473519085133,0.6264080829772407,0.6311829993821557,nan,nan,371,171,1,149.30642700195312
random,23,ae,mlp,40,17,"(64, 64)","(8, 16)",9,32,1,gelu,0.3,7.032512644373225e-06,0.25,0.012745012647895931,20.0,1,1.0,31,random,19880,19712,0.5360704892393089,0.6089134267737834,0.6361533789999844,nan,nan,226,26,1,207.33502054214478
random,24,ae,linear,79,29,"(16, 16)","(32, 64)",9,64,1,relu,0.2,0.006979199653426489,0.1,0.015898539291943622,20.0,1,0.1,3,random,27571,27492,0.5828612625170406,0.6142842704899639,0.6335900250446215,nan,nan,281,81,1,311.4548466205597
random,25,pod,gru,6,25,"(32, 32)","(16,)",5,64,2,tanh,0.3,0.00648225770770206,0.1,0.005371217347691983,20.0,1,0.3,15,random,40326,29568,0.999990928395139,1.009580267965692,0.3069245934703803,nan,nan,201,1,1,15.263240814208984
random,26,ae,cnn,13,67,"(32,)","(32, 64)",5,16,2,gelu,0.3,0.09135221732770994,0.1,0.0019566356930252418,20.0,1,0.0,5,random,68013,67904,0.5875036367971906,0.6354416846312908,0.6126586033612877,nan,nan,275,75,1,150.67921328544617
random,27,ae,cnn,83,42,"(32,)","(32, 64)",5,32,1,tanh,0.5,0.1504640084605482,0.05,0.012612365140100668,20.0,1,0.3,53,random,235443,235264,0.6288912184985757,0.6595525677971961,0.5966711525546151,nan,nan,329,129,1,20.579156637191772
random,28,pod,cnn,27,2,"(128, 128)","(8,)",3,8,1,gelu,0.0,1.2815211119872706e-05,0.05,0.004387899808545062,30.0,1,0.01,38,random,755,720,0.621920276615515,0.6810313541551044,0.570782970403505,nan,nan,347,147,1,17.104722023010254
random,29,pod,cnn,45,5,"(32, 32)","(4,)",3,128,2,gelu,0.3,0.0065656568808973555,0.0,0.0006897585515939221,30.0,1,0.01,58,random,1093,1044,0.7967481973931826,0.8256154106198969,0.5069117044272218,nan,nan,390,192,1,18.54856824874878
random,30,ae,linear,6,22,"(128, 128)","(16, 32)",15,8,1,relu,0.1,0.0034939360367947023,0.1,0.003533491750481127,30.0,1,1.0,68,random,1590,1584,0.5617530474610123,0.6064342704240099,0.6339889803068657,nan,nan,253,53,1,130.3596065044403
random,31,ae,linear,6,23,"(8,)","(16,)",9,32,2,gelu,0.5,0.0034802109660118526,0.5,0.01153515575000381,30.0,1,0.1,12,random,1662,1656,0.5808381110030261,0.6218334048067138,0.6238990581975106,nan,nan,332,132,1,16.1148042678833
random,32,pod,linear,7,34,"(16, 16)","(4,)",5,32,2,tanh,0.0,6.106259900909466e-06,0.0,0.012730724195733704,30.0,1,0.3,29,random,2863,2856,0.5662447499304362,0.6167040934083886,0.625465924421083,nan,nan,400,200,1,15.97687029838562
random,33,pod,linear,28,9,"(128, 128)","(16, 32)",15,16,1,relu,0.3,5.201337162335269e-06,0.25,0.0010814084500112987,30.0,1,0.01,74,random,3052,3024,0.5973074780799108,0.6382705883744975,0.6090205659986876,nan,nan,1144,1144,1,35.81056880950928
random,34,ae,linear,3,86,"(8,)","(8,)",15,16,1,gelu,0.1,6.316735638253697e-06,0.5,0.001913962246845023,30.0,1,1.0,67,random,3099,3096,0.5865774544346896,0.6323371484476523,0.6148320911610048,nan,nan,251,51,1,127.91888999938965
random,35,pod,cnn,26,30,"(16, 16)","(4,)",9,32,1,gelu,0.1,1.8821721145548254e-05,0.1,0.000382179589690442,30.0,1,0.01,40,random,3582,3552,0.5710290698885742,0.629972304999226,0.6142628181097755,nan,nan,506,337,1,22.267340660095215
random,36,pod,cnn,114,3,"(16,)","(16,)",5,64,2,tanh,0.5,0.008024125419910363,0.5,0.0004249531585149243,30.0,1,0.0,50,random,6562,6432,0.9729861625219245,0.9833601264668391,0.3891207024333082,nan,nan,259,70,1,13.418325662612915
random,37,ae,linear,33,19,"(128, 128)","(32, 64)",9,8,1,gelu,0.3,0.21773721710982605,0.5,0.009329336559555906,30.0,1,0.1,43,random,7557,7524,0.6430270192874148,0.6833853671898172,0.5880415538212148,nan,nan,296,96,1,268.02032446861267
random,38,pod,mlp,4,36,"(32, 32)","(8,)",9,16,1,tanh,0.5,0.00022739707745966106,0.25,0.0061514576757113575,30.0,1,0.01,26,random,15044,14976,0.6432569570483758,0.6895274620866708,0.5749999681095307,nan,nan,408,208,1,20.09296727180481
random,39,pod,mlp,51,2,"(128, 128)","(8, 16)",3,64,2,tanh,0.5,8.440629195424714e-06,0.25,0.0012164646944336683,30.0,1,0.01,34,random,26291,25984,0.6462869414451102,0.7145815478056203,0.5419690426310929,nan,nan,310,110,1,17.407191276550293
random,40,pod,mlp,12,6,"(128, 128)","(8, 16)",3,128,1,tanh,0.0,0.02447684881993134,0.1,0.0029072112321310603,30.0,1,1.0,17,random,27404,27136,0.9998386344489769,1.0071280693442808,0.41284138637415657,nan,nan,201,1,1,12.494807958602905
random,41,pod,gru,26,51,"(64,)","(16,)",3,64,2,relu,0.3,2.514809670561779e-05,0.1,0.00047701107101464106,30.0,1,0.0,4,random,41626,30848,0.5978080099417347,0.7207975316252326,0.5372718695351058,nan,nan,439,239,1,21.305293560028076
random,42,pod,cnn,4,77,"(128, 128)","(32, 64)",9,8,1,relu,0.1,0.00010121144372505574,0.1,0.0016887456735391407,30.0,1,0.01,65,random,41700,41600,0.5781763355912419,0.6368099781355145,0.6085602479189602,nan,nan,207,7,1,12.121078491210938
random,43,ae,gru,25,88,"(128, 128)","(4,)",5,128,2,relu,0.0,1.76791348545643e-05,0.25,0.0037540841788838604,30.0,1,0.01,13,random,156825,110720,0.5747643704074147,0.6433263025673142,0.6156673740380462,nan,nan,203,3,1,212.42572331428528
random,44,pod,mlp,17,65,"(128, 128)","(16, 32)",15,16,2,gelu,0.1,0.03115732342599308,0.1,0.0004915139763351731,30.0,1,0.0,2,random,118673,118400,0.9999648853100391,1.0072146794876708,0.03530651348546899,nan,nan,201,1,1,10.822120428085327
random,45,ae,linear,4,10,"(64, 64)","(16,)",9,128,1,tanh,0.3,7.269334246795112e-06,0.1,0.0009661253006980816,40.0,1,0.1,77,random,484,480,0.613293436102797,0.6445978030343539,0.6048920569895098,nan,nan,282,82,1,120.2897846698761
random,46,ae,cnn,7,2,"(8,)","(4,)",9,128,2,tanh,0.3,0.0005153133931535493,0.25,0.010377419198609253,40.0,1,0.1,70,random,499,488,0.6783182998605707,0.7359012686123547,0.5250555728402762,nan,nan,236,69,1,202.09797596931458
random,47,ae,gru,5,5,"(8,)","(16,)",9,8,1,tanh,0.5,2.469205662906237,0.1,0.001160612616733495,40.0,1,0.0,69,random,573,520,1.2294245644028556,1.2271593150320808,5.478764441082069e-17,nan,nan,259,59,1,172.14892292022705
random,48,ae,gru,8,8,"(64,)","(8,)",15,8,1,relu,0.2,0.09543020693817011,0.5,0.0063316814588559095,40.0,1,1.0,32,random,600,544,0.6847238586706978,0.7228009389836868,0.5394994305825694,nan,nan,232,32,1,174.66516852378845
random,49,ae,cnn,12,3,"(32, 32, 32)","(8,)",3,8,2,relu,0.1,0.00034873004637594627,0.1,0.0037276720179352228,40.0,1,0.3,66,random,596,576,0.6431603718944161,0.7068228963427552,0.55207662915891,nan,nan,257,57,1,166.89019060134888
random,50,ae,gru,18,41,"(8,)","(4,)",15,8,1,gelu,0.3,1.361174450797264,0.25,0.0012187531939640282,40.0,1,0.1,61,random,690,624,1.081989831693685,1.0955491421660175,0.14017436080611714,nan,nan,236,51,1,220.0767149925232
random,51,ae,linear,4,21,"(16,)","(4,)",3,8,2,gelu,0.1,0.0008288781135278638,0.0,0.002845236693247051,40.0,1,0.3,6,random,1012,1008,0.5997955118853365,0.6392168723930634,0.6089048878195341,nan,nan,295,95,1,14.980698585510254
random,52,pod,cnn,78,3,"(32,)","(8,)",3,8,2,gelu,0.2,1.2320307280112627e-06,0.5,0.01136654674888118,40.0,1,0.3,18,random,2246,2160,0.6652450730047627,0.7245486299278017,0.5335886395071653,nan,nan,245,45,1,15.011090517044067
random,53,ae,linear,101,2,"(64,)","(16, 32)",5,64,1,relu,0.1,0.1803872190308896,0.0,0.001316906387137417,40.0,1,0.01,49,random,2525,2424,0.8366979523890498,0.8806198165465572,0.3871484250951376,nan,nan,229,68,1,402.3817677497864
random,54,ae,gru,15,56,"(32,)","(16, 32)",3,16,2,relu,0.1,2.0597333487716117e-05,0.25,0.02231923131081616,40.0,1,1.0,54,random,3327,2928,0.6308283638017259,0.67939879322618,0.5798941202345546,nan,nan,202,2,1,201.15469455718994
random,55,pod,mlp,3,5,"(64,)","(8, 16)",5,16,1,relu,0.1,0.0009034791959761784,0.1,0.0007781588643643782,40.0,1,0.3,75,random,4099,4032,0.6722730107066198,0.7127602449031537,0.547448017892446,nan,nan,453,268,1,19.870572090148926
random,56,pod,gru,5,4,"(32, 32, 32)","(16,)",5,32,1,gelu,0.5,0.060671109963621,0.25,0.026457899492724066,40.0,1,0.01,16,random,4581,4384,0.9999770026098159,1.006529106973507,0.28564828072831605,nan,nan,201,1,1,14.214369535446167
random,57,ae,gru,3,4,"(64,)","(16, 32)",9,32,2,tanh,0.1,1.611917649787544,0.25,0.008987336403167604,40.0,1,1.0,78,random,10851,8544,1.1799649377182488,1.1854236651513594,4.498693438906946e-17,nan,nan,222,22,1,180.9552800655365
random,58,ae,linear,102,20,"(32,)","(32, 64)",3,32,1,relu,0.1,1.0451908859937513,0.05,0.003302649411054156,40.0,1,0.01,76,random,24582,24480,0.8135445860510163,0.8473860764348499,0.42921505350941724,nan,nan,216,16,1,478.83128476142883
random,59,pod,linear,121,23,"(16, 16)","(8,)",15,16,1,relu,0.1,0.629824987670152,0.05,0.0036154979307904973,40.0,1,0.3,64,random,33517,33396,0.9986322372226881,1.0053243112399577,0.3876206898848344,nan,nan,214,19,1,13.983687400817871
random,60,pod,cnn,104,59,"(128, 128)","(8,)",9,128,2,relu,0.5,0.00012731730240306827,0.1,0.029994209991757538,40.0,1,0.01,39,random,50064,49952,0.5531640431149645,0.6946058842290057,0.5650381300096912,nan,nan,218,18,1,15.199292421340942
random,61,pod,gru,25,77,"(32, 32)","(8, 16)",3,128,1,relu,0.1,0.0050170757347456334,0.1,0.0003082901346252825,40.0,1,0.3,48,random,57753,56960,0.8590215635456883,0.8822571418533584,0.494806967122913,nan,nan,306,106,1,19.333679914474487
random,62,pod,linear,9,3,"(16,)","(4,)",9,8,2,relu,0.1,3.780265763272292e-05,0.1,0.0033870275855979394,60.0,1,0.1,23,random,333,324,0.7434865270858916,0.7871222679629023,0.47406649773583814,nan,nan,883,868,1,29.07856774330139
random,63,pod,gru,6,12,"(16, 16)","(16,)",15,8,1,relu,0.2,0.1497160660025491,0.0,0.0050905480129769245,60.0,1,0.01,20,random,582,528,0.9998290450386532,1.0057250544219318,0.05198252992194496,nan,nan,201,1,1,14.075881004333496
random,64,ae,linear,4,12,"(8,)","(16, 32)",15,128,2,gelu,0.1,2.1955962819532913e-06,0.25,0.026939792189655205,60.0,1,0.3,11,random,580,576,0.6596103961173453,0.6898802812369511,0.5655908810379647,nan,nan,261,61,1,161.13561916351318
random,65,pod,linear,13,4,"(32, 32)","(32, 64)",3,64,1,tanh,0.1,0.23470521831740085,0.0,0.0016669682860065368,60.0,1,0.01,42,random,637,624,0.9991475667703344,1.005075670465965,0.3755847437265018,nan,nan,208,14,1,11.486130952835083
random,66,ae,mlp,7,22,"(8,)","(8,)",9,128,1,gelu,0.1,2.2599828861731788e-05,0.0,0.004010214668688028,60.0,1,0.3,10,random,2183,2168,0.6268565531660351,0.6702425537926285,0.5820367563423889,nan,nan,330,130,1,162.79041004180908
random,67,ae,gru,13,7,"(32,)","(4,)",9,16,2,relu,0.3,1.1064971232891622e-06,0.1,0.0005929895162107954,60.0,1,0.01,9,random,3293,2896,0.6740552580025344,0.7238637157041068,0.538673272918429,nan,nan,245,45,1,197.37983775138855
random,68,pod,gru,100,7,"(128, 128)","(4,)",9,16,1,tanh,0.0,0.9772673541666523,0.05,0.017032797688888116,60.0,1,0.1,72,random,3140,2944,0.9999885879538458,1.005791581333287,0.015531649537839077,nan,nan,201,2,1,16.09411358833313
random,69,ae,cnn,3,4,"(32, 32, 32)","(16, 32)",5,64,2,relu,0.3,0.030443417306783987,0.05,0.0025870812080452973,60.0,1,0.01,35,random,3955,3904,0.7007129401330277,0.7508229211861713,0.5241011175873461,nan,nan,226,26,1,172.37925004959106
random,70,ae,linear,7,50,"(64,)","(16,)",9,16,2,relu,0.1,0.056513209440886746,0.05,0.000393263598405168,60.0,1,0.01,25,random,4207,4200,0.6369504945383448,0.6935831091783166,0.5610520571326425,nan,nan,336,136,1,16.413856983184814
random,71,pod,gru,9,3,"(128, 128)","(32, 64)",9,32,1,tanh,0.2,0.02366911153842097,0.5,0.002286682329464447,60.0,1,0.0,56,random,4713,4512,0.999819905732738,1.0057321367384522,0.0861677139259406,nan,nan,201,1,1,10.486441612243652
random,72,ae,gru,15,59,"(8,)","(4,)",5,32,1,relu,0.3,0.03041506600988069,0.5,0.0033034635534870457,60.0,1,0.0,52,random,4911,4704,0.7075175706606391,0.7416915766744724,0.5199338025401866,nan,nan,218,18,1,231.0453782081604
random,73,pod,linear,7,75,"(32,)","(16, 32)",3,8,1,tanh,0.2,0.22887782825459496,0.0,0.0004987196031378131,60.0,1,0.0,8,random,6307,6300,0.9942664470243594,1.0006242098890656,0.282521773845705,nan,nan,211,11,1,8.77251148223877
random,74,ae,linear,13,70,"(64,)","(4,)",3,8,1,tanh,0.1,0.000611712269967773,0.1,0.0020593518525527693,60.0,1,0.0,51,random,10933,10920,0.6062245285683192,0.7022044248091924,0.5567163390284965,nan,nan,357,157,1,10.493375062942505
random,75,ae,cnn,97,8,"(128, 128)","(8, 16)",3,16,1,gelu,0.3,1.067152293797562e-05,0.25,0.000979993909249908,60.0,1,0.0,24,random,13209,13088,0.6823134098109503,0.737145871034657,0.5430477724797477,nan,nan,225,25,1,498.5212154388428
random,76,ae,gru,5,47,"(64, 64)","(8, 16)",3,64,1,gelu,0.3,0.5081607925361072,0.25,0.020810808778021803,60.0,1,0.01,36,random,15301,14912,1.1051825488446796,1.1077036613927418,0.3250051869469072,nan,nan,231,31,1,188.05892825126648
random,77,ae,gru,31,39,"(16,)","(8,)",3,64,2,gelu,0.0,0.0016375091631047668,0.05,0.0009446660006245717,60.0,1,0.1,59,random,41951,31168,0.6556159779522831,0.7106894094146184,0.5536454147177322,nan,nan,217,17,1,249.2024245262146
random,78,pod,cnn,37,31,"(32, 32)","(16, 32)",3,64,1,relu,0.3,0.028139400852692974,0.0,0.0065314215427080225,60.0,1,0.0,73,random,38901,38816,0.9999989041054936,1.0058271644365648,0.04746920508825384,nan,nan,201,1,1,11.270114660263062
random,79,ae,cnn,99,38,"(8,)","(8, 16)",15,64,1,relu,0.2,2.936868437025253e-05,0.5,0.0071643291275151864,60.0,1,0.1,7,random,63675,63552,0.664227673697304,0.7535880361598167,0.533184760839088,nan,nan,203,3,1,504.3994462490082
random,0,pod,cnn,2,13,"(32, 32)","(4,)",5,32,2,tanh,0.3,0.0005392195404078221,0.0,0.002156014773892304,,1,0.1,61,random,350,344,0.7695384005689627,0.7946815681411848,0.4718565378831599,nan,nan,420,220,1,36.1991240978241
random,1,pod,linear,11,3,"(16, 16)","(4,)",3,16,2,gelu,0.0,0.0005894720230541806,0.25,0.00075143338586118,,1,0.0,59,random,407,396,0.8970543345540853,0.9183567547856423,0.3552359635089094,nan,nan,737,543,1,18.333526611328125
random,2,pod,gru,64,32,"(64,)","(8, 16)",3,8,1,gelu,0.0,0.027987329864307513,0.1,0.0005239112406802625,,1,0.3,57,random,1104,992,0.9999003333229038,1.0046816778652212,0.02102615276327699,nan,nan,210,19,1,15.445385932922363
random,3,ae,gru,11,36,"(64, 64)","(16, 32)",15,8,2,gelu,0.1,1.0076326577362817e-05,0.0,0.0024537342265942156,,1,0.01,77,random,1059,1048,0.7156719742449993,0.7675576266776337,0.49623650489201976,nan,nan,226,26,1,214.86595749855042
random,4,ae,mlp,2,4,"(16, 16)","(16,)",15,16,2,tanh,0.2,0.4836884814817099,0.05,0.00035482906127468376,,1,1.0,66,random,1090,1056,0.8053493607095774,0.8422164068440644,0.4461432675934102,nan,nan,292,92,1,96.7304437160492
random,5,pod,linear,16,6,"(16, 16)","(4,)",3,32,1,gelu,0.0,0.041782414271737484,0.05,0.011341318187800983,,1,0.0,62,random,1168,1152,0.9935328516576777,0.9991210453577832,0.35145174675835794,nan,nan,201,1,1,8.87297534942627
random,6,ae,linear,53,2,"(128, 128)","(4,)",3,32,1,gelu,0.1,1.7349134172187255e-06,0.1,0.00106346481033714,,1,0.3,46,random,1325,1272,0.7588271917343096,0.8016431616003713,0.4608237707143178,nan,nan,429,272,1,491.28004264831543
random,7,pod,mlp,14,11,"(16,)","(32, 64)",3,8,1,gelu,0.2,1.194218086942038,0.0,0.0013903451911539645,,1,0.3,31,random,2366,2336,0.9999697740620398,1.0048247009461362,0.003262008515021469,nan,nan,201,1,1,11.84909462928772
random,8,pod,gru,4,63,"(32, 32)","(4,)",15,16,2,gelu,0.3,5.891299210632427e-06,0.05,0.0004474182146324874,,1,0.3,37,random,3140,2752,0.7615470711079237,0.8137754843241105,0.44656088946438405,nan,nan,1091,891,1,57.18610715866089
random,9,ae,linear,32,10,"(16,)","(8,)",15,64,2,tanh,0.5,0.09057485915528905,0.05,0.0029344118778248957,,1,0.3,17,random,3872,3840,0.7376323103018079,0.7662892694428536,0.49512314886232256,nan,nan,243,43,1,270.3616726398468
random,10,ae,mlp,4,2,"(64, 64)","(8,)",5,128,1,tanh,0.3,0.7799798689724712,0.1,0.007556612179207337,,1,0.01,47,random,6020,5888,1.0451473503028461,1.0514513441264628,-3.2803724263933216e-17,nan,nan,215,25,1,113.994961977005
random,11,pod,mlp,56,29,"(16, 16)","(8, 16)",9,8,1,gelu,0.5,9.124168227024588e-05,0.25,0.011163101938259276,,1,0.0,45,random,6808,6720,0.7589101715469495,0.7865636027426163,0.5027336792769195,nan,nan,295,95,1,13.826975107192993
random,12,ae,cnn,98,3,"(128, 128)","(16,)",15,64,1,gelu,0.5,8.518319359806004e-06,0.5,0.0035621869113735905,,1,1.0,15,random,7698,7584,0.7492066156109941,0.8102611982283247,0.4489293975310736,nan,nan,224,24,1,581.9731023311615
random,13,ae,gru,17,76,"(64,)","(32, 64)",15,64,2,tanh,0.3,2.6383557009363664e-06,0.25,0.0003151119036145519,,1,1.0,54,random,41041,30272,0.7095145425144579,0.7491043373920389,0.5088104148824262,nan,nan,219,19,1,203.38704347610474
random,14,ae,gru,56,71,"(8,)","(16,)",5,64,2,relu,0.0,0.0017718088392077395,0.0,0.021397334195754153,,1,1.0,27,random,43576,32768,0.7036412776366139,0.7632005830584285,0.5055089040213154,nan,nan,207,7,1,418.5031521320343
random,15,pod,gru,15,2,"(32,)","(8, 16)",5,128,1,relu,0.1,0.00034058279925090876,0.25,0.0015497593407224866,,1,0.3,20,random,56463,55680,0.7867498373240134,0.8270170512449976,0.4273173600671861,nan,nan,331,131,1,19.327131032943726
random,16,pod,gru,45,3,"(8,)","(8,)",5,128,1,relu,0.5,0.10866936322033235,0.25,0.005627511259544984,,1,0.3,29,random,60333,59520,0.9999976626428322,1.0048294367276422,0.009897803109846602,nan,nan,201,3,1,14.591150522232056
random,17,pod,cnn,32,62,"(128, 128)","(16, 32)",5,32,1,relu,0.2,0.00012531947480846139,0.25,0.006546236136385104,,1,0.3,19,random,67088,67008,0.7142195537568502,0.7672379896291412,0.4906026872306386,nan,nan,203,3,1,13.531976461410522
random,18,pod,cnn,3,6,"(32, 32, 32)","(4,)",9,64,1,tanh,0.2,5.301851994247325e-05,0.5,0.005832189430845302,20.0,1,0.3,72,random,511,504,0.6409170753888002,0.6774887794904797,0.578727554443324,nan,nan,335,135,1,16.361533641815186
random,19,pod,linear,29,3,"(128, 128)","(4,)",9,8,1,tanh,0.0,0.0002524462765634486,0.25,0.0029024326482430395,20.0,1,0.1,42,random,1073,1044,0.7729314484604888,0.8151620287221361,0.46955204150283203,nan,nan,499,318,1,18.931847095489502
random,20,pod,cnn,3,14,"(64,)","(8,)",9,128,1,gelu,0.3,0.00027074759921412683,0.25,0.01177593018061483,20.0,1,1.0,48,random,1211,1200,0.5814524300284228,0.6114182306576279,0.6324308440273073,nan,nan,231,31,1,11.706143856048584
random,21,ae,linear,7,20,"(64,)","(16,)",3,32,1,tanh,0.2,1.100308587729934e-05,0.05,0.009313477976944387,20.0,1,0.3,63,random,1687,1680,0.562433833680947,0.593767901458054,0.6471130150457349,nan,nan,305,105,1,142.25178146362305
random,22,ae,mlp,6,9,"(16,)","(8,)",3,128,1,tanh,0.1,0.04218443930218904,0.05,0.001874838124564452,20.0,1,0.01,40,random,1846,1824,0.6066732489374916,0.625464153382014,0.6245805329539683,nan,nan,222,22,1,156.78811621665955
random,23,ae,mlp,32,7,"(16,)","(8,)",15,128,1,tanh,0.5,6.499925456220547e-05,0.0,0.0014340688731110586,20.0,1,0.01,14,random,1904,1856,0.5994957755874247,0.6244827434331909,0.6277682571208375,nan,nan,359,159,1,204.80384135246277
random,24,ae,linear,16,21,"(128, 128)","(8, 16)",15,128,2,gelu,0.3,0.008013594345422849,0.25,0.003083343704966215,20.0,1,0.0,70,random,4048,4032,0.5730571066881553,0.6042402074172565,0.6399140683782616,nan,nan,291,91,1,175.88370323181152
random,25,ae,cnn,12,6,"(16, 16)","(16, 32)",3,64,1,tanh,0.2,1.2097357091504816e-05,0.05,0.0029377465295238065,20.0,1,0.01,79,random,4476,4416,0.5834944819589164,0.6325292473726642,0.6185747962000697,nan,nan,221,21,1,140.9716260433197
random,26,pod,linear,60,7,"(32, 32)","(4,)",15,8,1,gelu,0.1,1.5679527490074884e-05,0.5,0.029736178928488146,20.0,1,1.0,65,random,5100,5040,0.6236354446783893,0.6544953270209956,0.5996672073962813,nan,nan,269,69,1,13.611594676971436
random,27,pod,cnn,10,19,"(32, 32)","(8, 16)",15,32,2,gelu,0.5,2.1523673168708964e-06,0.5,0.00172431405836078,20.0,1,0.0,44,random,6434,6400,0.5734300309637088,0.6121279629567866,0.6323535824416225,nan,nan,217,17,1,11.447362661361694
random,28,pod,cnn,117,15,"(16,)","(4,)",5,8,2,relu,0.5,0.011727352721501045,0.25,0.00917823466020204,20.0,1,0.01,39,random,7381,7260,0.7692237154060197,0.79610183825182,0.527337669129799,nan,nan,215,58,1,15.017532110214233
random,29,ae,linear,115,6,"(16,)","(8,)",3,128,2,relu,0.1,0.10200206288034241,0.1,0.0003449953726756902,20.0,1,0.3,2,random,8395,8280,0.6758390618906065,0.7136628562710328,0.5552941720918493,nan,nan,259,59,1,389.50330328941345
random,30,ae,mlp,77,40,"(16,)","(8,)",3,64,2,gelu,0.2,2.280824295392617e-06,0.25,0.000638725829376678,20.0,1,1.0,75,random,9005,8912,0.5409621911784648,0.5969687365504478,0.64428712544737,nan,nan,318,118,1,307.8385183811188
random,31,ae,cnn,36,15,"(16, 16)","(16,)",5,32,1,gelu,0.5,9.13219788631641e-06,0.0,0.0003172685464670261,20.0,1,1.0,25,random,9652,9600,0.5684294490072022,0.624938306716151,0.6220423587339646,nan,nan,227,27,1,220.66356539726257
random,32,ae,mlp,45,16,"(32, 32, 32)","(16, 32)",15,64,2,gelu,0.5,0.3359467927236796,0.1,0.013205548112505966,20.0,1,0.1,55,random,9773,9632,1.0195721533778999,1.0327948900756667,0.018207322228197174,nan,nan,201,1,1,238.96168398857117
random,33,ae,linear,16,52,"(32, 32, 32)","(32, 64)",5,32,1,gelu,0.0,0.00011735495311654602,0.5,0.000513113018948089,20.0,1,1.0,68,random,10000,9984,0.5632265621515049,0.6197346686567528,0.6254191519082544,nan,nan,245,45,1,13.201380729675293
random,34,pod,mlp,26,20,"(64, 64)","(4,)",9,32,2,relu,0.1,3.7226063676209337e-06,0.25,0.000653187100767541,20.0,1,0.1,13,random,21274,21120,0.5550600774483655,0.5942765068610102,0.6444886948395052,nan,nan,282,82,1,15.972830533981323
random,35,ae,linear,73,62,"(16,)","(32, 64)",5,8,2,tanh,0.0,0.00039640384049626783,0.5,0.0010419404129623816,20.0,1,0.01,21,random,54385,54312,0.5681780252722676,0.6296573685314061,0.6213329867157638,nan,nan,248,48,1,276.6803686618805
random,36,pod,linear,17,4,"(32,)","(8,)",15,32,1,tanh,0.2,0.0002326468308857236,0.5,0.0006913390700977557,30.0,1,0.3,52,random,833,816,0.7396837247716604,0.7868067606999299,0.5003070378585834,nan,nan,1251,1067,1,38.08791399002075
random,37,pod,mlp,76,3,"(8,)","(4,)",5,16,1,gelu,0.2,0.0019704081688265438,0.5,0.0005624658053767236,30.0,1,0.1,64,random,980,896,0.7901350467457355,0.8327810470106132,0.4631117649657796,nan,nan,797,797,1,31.375497579574585
random,38,pod,gru,40,77,"(32, 32, 32)","(8, 16)",9,8,2,tanh,0.3,0.00016584893705469769,0.25,0.006209140179253657,30.0,1,0.0,73,random,1320,1280,0.7161341357524714,0.7782531982354933,0.5200575785935637,nan,nan,407,207,1,22.034642934799194
random,39,ae,cnn,4,13,"(64,)","(8, 16)",3,64,2,tanh,0.3,0.0006489838838787894,0.5,0.0022321291924592293,30.0,1,0.1,22,random,1532,1504,0.5847627324736285,0.6197603339884424,0.6244432482052842,nan,nan,216,16,1,120.69744038581848
random,40,ae,linear,29,5,"(16, 16)","(16,)",9,64,1,relu,0.0,5.3872218505175035e-05,0.05,0.0005731661273110264,30.0,1,0.3,71,random,1769,1740,0.6061054695011325,0.6498613718460383,0.6010292850717842,nan,nan,532,335,1,202.75136303901672
random,41,pod,mlp,51,24,"(8,)","(32, 64)",3,8,2,gelu,0.5,3.502539416278044e-05,0.5,0.007924933144213008,30.0,1,0.0,76,random,2771,2712,0.6541080928200391,0.6929778139403866,0.6125083789023897,nan,nan,257,57,1,11.707800388336182
random,42,ae,gru,108,10,"(64, 64)","(16,)",15,16,1,relu,0.3,0.0029021270304861266,0.05,0.019310332719741145,30.0,1,0.1,36,random,3276,3072,0.5929010681362387,0.64700064189779,0.6123242355622305,nan,nan,242,42,1,397.15231442451477
random,43,ae,cnn,10,81,"(64, 64)","(4,)",5,16,1,gelu,0.5,0.000989621367978946,0.05,0.00139923822614831,30.0,1,0.0,74,random,3494,3480,0.5793555878169419,0.6552312159198478,0.598769809328547,nan,nan,213,13,1,185.33489274978638
random,44,ae,cnn,12,25,"(8,)","(8,)",15,32,1,relu,0.5,2.533343805262625e-05,0.05,0.0004895625112818844,30.0,1,1.0,56,random,3860,3840,0.5609537769414145,0.6313731181762,0.6147507411592394,nan,nan,223,23,1,168.63302326202393
random,45,ae,mlp,6,5,"(64,)","(8, 16)",3,8,2,tanh,0.1,4.723705119563945e-05,0.05,0.008676288422617655,30.0,1,0.1,33,random,4294,4224,0.5868191426474297,0.6630454994657203,0.5912464205444296,nan,nan,223,23,1,132.73936486244202
random,46,pod,linear,13,28,"(8,)","(8, 16)",5,128,1,tanh,0.2,0.009439466313471437,0.1,0.00034243627886634473,30.0,1,1.0,32,random,4381,4368,0.8849313102374807,0.9052302640877342,0.4314100042116352,nan,nan,406,206,1,16.41224956512451
random,47,ae,gru,30,87,"(8,)","(16,)",9,32,1,tanh,0.1,0.9746069928076305,0.05,0.0004827118508083614,30.0,1,0.0,69,random,5406,5184,1.0653062106913773,1.0720585213551428,0.13779191553577264,nan,nan,208,9,1,229.07423639297485
random,48,ae,mlp,80,5,"(32, 32, 32)","(8, 16)",5,8,1,relu,0.3,0.5211282461651745,0.5,0.0005578039563747195,30.0,1,0.3,23,random,6704,6528,1.0207274799578838,1.0321523415357523,-2.094682211626641e-17,nan,nan,243,64,1,385.5923161506653
random,49,pod,gru,108,3,"(64, 64)","(4,)",5,64,1,relu,0.0,0.012696430119984926,0.1,0.009951885953170503,30.0,1,0.0,35,random,21996,21504,0.999968745424131,1.007249405971254,0.041609678386206425,nan,nan,201,1,1,13.58833360671997
random,50,pod,gru,5,6,"(64,)","(8,)",9,64,2,relu,0.2,2.281814002963437e-05,0.5,0.017099874284108925,30.0,1,0.1,26,random,40261,29504,0.5893790587010121,0.6997060879258051,0.555413634257535,nan,nan,220,20,1,16.07143497467041
random,51,pod,cnn,98,93,"(16, 16)","(4,)",9,32,2,gelu,0.1,0.00018353822784009194,0.1,0.01101155522617755,30.0,1,1.0,51,random,36990,36888,0.5341864915227114,0.657616846925012,0.5950292086176094,nan,nan,227,27,1,14.754668951034546
random,52,pod,mlp,3,100,"(32, 32, 32)","(8,)",15,8,1,relu,0.3,0.12959664563960702,0.0,0.0004241180884603099,30.0,1,0.0,53,random,40643,40544,0.9999917337127295,1.0072662431230215,-0.03202074356907439,nan,nan,201,3,1,11.23971176147461
random,53,pod,linear,108,32,"(32, 32)","(8, 16)",3,64,1,tanh,0.0,3.6110629109540598e-06,0.1,0.0010869010231946126,30.0,1,0.01,58,random,41580,41472,0.5539765586080653,0.6262019404462263,0.6166232291935517,nan,nan,891,891,1,27.445026397705078
random,54,pod,gru,66,37,"(16,)","(16, 32)",15,128,2,tanh,0.2,0.0001658891378413187,0.1,0.0010013544726438176,30.0,1,0.1,12,random,162114,115968,0.5805605821996345,0.7112635195632451,0.5444279783312429,nan,nan,285,85,1,20.436477184295654
random,55,pod,gru,37,6,"(16, 16)","(8,)",3,8,1,tanh,0.0,0.05429402205330976,0.25,0.0011719693142229043,40.0,1,0.01,34,random,861,776,0.9998963377145018,1.0065958694053458,0.015091408013430972,nan,nan,201,1,1,14.521601915359497
random,56,pod,mlp,18,4,"(16,)","(4,)",15,64,1,tanh,0.5,5.443681410342413e-06,0.25,0.006533961465726872,40.0,1,0.3,49,random,1090,1056,0.670230514559593,0.7176586547917283,0.5439018232202503,nan,nan,407,207,1,18.269980430603027
random,57,ae,linear,32,7,"(128, 128)","(4,)",15,8,1,gelu,0.0,0.0023424054102142208,0.5,0.0017545350214256247,40.0,1,0.1,28,random,2720,2688,0.6510343586299242,0.6935913719834195,0.5639443696878296,nan,nan,255,55,1,238.09701490402222
random,58,pod,gru,10,8,"(64, 64)","(16,)",5,32,1,tanh,0.1,0.9293887240294998,0.1,0.004008347677457876,40.0,1,0.3,11,random,4746,4544,0.9999749120320758,1.0065706129638679,-0.0008403488333821003,nan,nan,201,1,1,13.877232074737549
random,59,ae,mlp,3,26,"(16, 16)","(32, 64)",15,16,2,relu,0.1,0.06374526902307902,0.05,0.008345471358824075,40.0,1,0.01,3,random,5331,5296,0.6610458637820932,0.7077878160286522,0.5838363523954953,nan,nan,277,77,1,177.526211977005
random,60,pod,gru,31,29,"(32,)","(16, 32)",15,32,2,gelu,0.1,4.5997956803973686e-06,0.5,0.01501958488348529,40.0,1,0.01,4,random,11775,9440,0.6028053712323119,0.7283114130298375,0.5299885482185448,nan,nan,248,48,1,17.75787615776062
random,61,pod,gru,5,10,"(32, 32)","(16, 32)",9,64,1,relu,0.0,0.021511404030632952,0.25,0.001525340649909895,40.0,1,0.3,24,random,15301,14912,0.9998065565481122,1.0063685996047609,0.14492029892361133,nan,nan,201,1,1,13.950054168701172
random,62,pod,cnn,9,20,"(8,)","(16, 32)",15,64,1,relu,0.1,1.9206123699358504e-05,0.1,0.002934242733784917,40.0,1,0.0,9,random,16377,16320,0.6035346578656026,0.6513629940740345,0.5972229050441288,nan,nan,209,9,1,11.26248025894165
random,63,pod,cnn,5,4,"(64, 64)","(32, 64)",9,8,2,gelu,0.0,3.153980564890863e-05,0.5,0.00037514712838518453,40.0,1,0.01,30,random,23269,23168,0.6599554737861376,0.7109908234225809,0.5456494913699699,nan,nan,309,109,1,15.407923221588135
random,64,pod,gru,10,9,"(32,)","(16,)",9,64,2,gelu,0.2,0.00012692832954749674,0.0,0.00038689864949963213,40.0,1,0.01,50,random,40586,29824,0.6455542848608574,0.7088358230159625,0.5508118519357177,nan,nan,507,307,1,27.493866682052612
random,65,ae,cnn,113,43,"(64,)","(16, 32)",15,8,2,relu,0.0,1.7926752033938592e-05,0.0,0.0008032583265026965,40.0,1,1.0,7,random,166209,166048,0.5932903805299304,0.6794249998353076,0.5784347153103282,nan,nan,204,4,1,419.8324065208435
random,66,pod,linear,2,4,"(64, 64)","(32, 64)",15,16,2,relu,0.0,0.06322883973487532,0.05,0.007618208217226097,60.0,1,0.01,43,random,98,96,0.994806689679792,1.001117593412342,0.3817877932021566,nan,nan,202,2,1,10.766784191131592
random,67,pod,linear,23,4,"(128, 128)","(16, 32)",15,128,1,relu,0.1,2.607096604287399e-06,0.0,0.0020348158063843006,60.0,1,1.0,16,random,1127,1104,0.6977370960662868,0.736639820202148,0.5187899402996484,nan,nan,1259,1151,1,36.742350816726685
random,68,pod,linear,7,14,"(32,)","(32, 64)",9,128,2,gelu,0.0,0.003387808938381671,0.05,0.00774531955829956,60.0,1,0.0,8,random,1183,1176,0.8905522937426498,0.9089817167712231,0.4203400784551247,nan,nan,237,37,1,9.191991329193115
random,69,pod,linear,3,81,"(32, 32, 32)","(16, 32)",9,16,2,tanh,0.0,0.1263789116134066,0.5,0.006518694317284044,60.0,1,0.1,38,random,2919,2916,0.9881196467064168,0.9950119728851524,0.3141286201495294,nan,nan,201,1,1,10.879823684692383
random,70,ae,cnn,4,23,"(64,)","(16, 32)",3,128,1,relu,0.3,0.005511918389211904,0.05,0.0060224708658839846,60.0,1,1.0,78,random,5108,5056,0.65723393079813,0.7142610265490991,0.5418852437115523,nan,nan,202,2,1,157.73465585708618
random,71,pod,mlp,17,11,"(32, 32)","(8, 16)",3,64,2,gelu,0.3,0.015875188825801682,0.05,0.007405480591413756,60.0,1,0.01,1,random,5873,5792,0.999999493050997,1.0058354040234008,0.04778385835386352,nan,nan,201,9,1,12.85620903968811
random,72,ae,mlp,19,41,"(16, 16)","(16,)",9,8,2,relu,0.0,0.06327248021808106,0.05,0.0017968661011096192,60.0,1,0.01,10,random,8483,8432,0.727892848580715,0.7722309486385922,0.49393462834863167,nan,nan,285,85,1,237.29116344451904
random,73,ae,mlp,43,15,"(32, 32, 32)","(32, 64)",9,8,1,tanh,0.5,0.0019402638749351398,0.1,0.0013777609345147124,60.0,1,0.01,67,random,9323,9184,0.6753810654895757,0.7022383282661502,0.554870743368435,nan,nan,318,118,1,307.155517578125
random,74,pod,gru,82,5,"(32,)","(4,)",5,32,2,relu,0.2,0.006773169062027987,0.05,0.00681533796821352,60.0,1,1.0,41,random,13458,11072,0.9999961268115469,1.0058274751063085,0.11768852452503924,nan,nan,201,7,1,16.50269389152527
random,75,pod,cnn,4,11,"(8,)","(32, 64)",5,32,1,gelu,0.2,0.00016017505126322945,0.0,0.010356703977136004,60.0,1,0.3,18,random,15076,14976,0.6605474995647359,0.7058293732376443,0.5489496235790907,nan,nan,208,8,1,13.155127048492432
random,76,ae,linear,45,38,"(32,)","(8, 16)",15,128,1,tanh,0.1,1.2432294977923805e-05,0.5,0.025458727730273585,60.0,1,0.3,6,random,20565,20520,0.6394482625935128,0.7068133047699381,0.5532763321445532,nan,nan,346,146,1,304.972718000412
random,77,pod,mlp,30,51,"(32,)","(16,)",15,128,2,gelu,0.2,0.00014121888877978743,0.5,0.0025769657993337035,60.0,1,0.0,60,random,20606,20544,0.6389120262843586,0.694175035781612,0.5618870886051394,nan,nan,302,102,1,12.376372814178467
random,78,ae,mlp,4,31,"(128, 128)","(8,)",9,128,1,tanh,0.2,0.00038781250114851556,0.1,0.005045918579780569,60.0,1,0.0,5,random,64772,64512,0.6041803848456464,0.6941849668544994,0.5601308998558333,nan,nan,231,31,1,10.20024037361145
random,0,ae,linear,10,3,"(32, 32, 32)","(8, 16)",5,64,1,gelu,0.5,2.6523659819705188,0.05,0.011344709527575665,,1,0.3,75,random,370,360,0.8992497008725099,0.9460134085883192,0.33351668542865853,nan,nan,201,1,1,342.12083864212036
random,1,ae,linear,5,7,"(128, 128)","(16, 32)",5,64,2,gelu,0.1,0.0005192065578882258,0.1,0.000575884161992182,,1,1.0,26,random,425,420,0.7225666259745108,0.7538144580729357,0.5034454551299233,nan,nan,367,167,1,268.85122299194336
random,2,ae,gru,33,5,"(16,)","(4,)",9,16,1,tanh,0.3,0.002839040340215221,0.5,0.008641178160994622,,1,1.0,28,random,2001,1872,0.7440053178843103,0.7851920300253603,0.47435124571211534,nan,nan,211,11,1,554.1346371173859
random,3,ae,mlp,81,15,"(8,)","(8,)",5,128,2,relu,0.1,2.9826411180511094e-06,0.1,0.002176908315546747,,1,1.0,30,random,2177,2088,0.6973196656894359,0.7282158264950647,0.5292632211889722,nan,nan,361,161,1,1003.2660126686096
random,4,ae,mlp,58,9,"(16, 16)","(8, 16)",5,32,1,relu,0.2,2.767726426023366e-06,0.1,0.025031583346194135,,1,0.1,70,random,3002,2912,0.7180259913579589,0.7503425338618078,0.511234792920503,nan,nan,301,101,1,789.4508738517761
random,5,ae,cnn,2,72,"(32,)","(8, 16)",3,128,2,tanh,0.5,0.0001796062185747744,0.05,0.026424123479683256,,1,0.1,5,random,3002,2976,0.7207110858462162,0.7539628761970937,0.503674314432833,nan,nan,209,9,1,143.6636357307434
random,6,ae,cnn,49,4,"(32, 32)","(16,)",5,16,2,tanh,0.5,1.7150516818467516,0.05,0.017602216485874345,,1,0.01,4,random,4161,4096,1.0701213673814818,1.0815898022248527,0.17308323527768993,nan,nan,201,1,1,815.6718606948853
random,7,ae,cnn,11,44,"(128, 128)","(8,)",9,32,2,relu,0.5,1.8399645124330924e-05,0.0,0.01654268891688151,,1,0.0,77,random,4755,4736,0.6996735394373927,0.7957085932846847,0.47949031073589193,nan,nan,208,8,1,266.989595413208
random,8,pod,gru,32,57,"(128, 128)","(32, 64)",15,32,1,tanh,0.5,0.013652592932727676,0.05,0.007082725231115277,,1,0.3,62,random,5472,5248,0.9999515486095691,1.0047815631377073,0.16993439678934877,nan,nan,201,1,1,14.704823732376099
random,9,ae,linear,110,5,"(32,)","(8, 16)",9,128,1,gelu,0.0,0.25504578245138904,0.25,0.0018226090224388028,,1,0.3,14,random,6710,6600,0.8103688092083545,0.8462745184177368,0.42569344281984756,nan,nan,218,18,1,1140.1377148628235
random,10,ae,linear,113,5,"(32,)","(4,)",15,64,1,relu,0.0,1.5501818087212644e-05,0.25,0.00381558275211049,,1,0.0,72,random,6893,6780,0.7481579010970145,0.7835720447626983,0.4824891939234449,nan,nan,281,81,1,1165.3453576564789
random,11,pod,mlp,11,70,"(16, 16)","(16, 32)",5,128,2,relu,0.3,7.133759845438663e-05,0.0,0.0030249629524544794,,1,1.0,11,random,13915,13872,0.7252853090853599,0.7664232000496168,0.4959766507293028,nan,nan,293,93,1,16.764708757400513
random,12,ae,mlp,107,68,"(16,)","(16,)",5,16,1,gelu,0.3,0.0003469406188115598,0.0,0.016982002054500286,,1,1.0,6,random,14891,14768,0.6688228623080356,0.7560561763618978,0.5063604281429854,nan,nan,281,81,1,1163.9199101924896
random,13,ae,mlp,12,14,"(64, 64)","(8, 16)",15,8,1,tanh,0.1,0.204249782376499,0.0,0.0006010595951105397,,1,0.3,34,random,15756,15616,0.8153381432487785,0.8492341693621029,0.43752375143807887,nan,nan,279,79,1,333.08644223213196
random,14,ae,linear,42,45,"(16,)","(8, 16)",9,64,1,tanh,0.0,0.00012177068627786292,0.05,0.0015691484981453054,,1,1.0,40,random,22722,22680,0.678259452298045,0.7586335901085945,0.5031990666636783,nan,nan,264,109,1,638.6147842407227
random,15,ae,mlp,14,10,"(128, 128)","(16, 32)",3,8,1,gelu,0.0,0.0001266309363666533,0.0,0.026446011136071455,,1,0.01,66,random,33806,33536,0.6793276400631444,0.7710514548661176,0.4986367431635426,nan,nan,228,28,1,331.64944648742676
random,16,ae,gru,2,87,"(8,)","(8,)",5,128,1,tanh,0.0,7.221876857347702e-06,0.05,0.00035643971060639573,,1,0.3,18,random,54786,54016,0.7222372423570909,0.7522113869863236,0.50517948028699,nan,nan,210,10,1,16.90206503868103
random,17,pod,gru,38,50,"(32,)","(8,)",5,128,2,relu,0.3,0.03351705492713776,0.5,0.0088161751196875,,1,1.0,20,random,158502,112384,0.9999994155403049,1.0048271187768558,0.026135526972575627,nan,nan,201,4,1,18.376458168029785
random,18,pod,gru,73,18,"(8,)","(16, 32)",5,128,2,relu,0.5,1.4873333600995775,0.25,0.0009117418669288159,,1,0.0,29,random,163017,116864,1.0000079820535526,1.0048257162984338,0.0048592399556152835,nan,nan,201,4,1,14.724263668060303
random,19,ae,linear,8,4,"(8,)","(16,)",3,64,1,relu,0.0,1.1859725934105428e-06,0.25,0.000633515841132143,20.0,1,0.0,60,random,392,384,0.6437043168626508,0.6780836842436295,0.5791853590710769,nan,nan,352,152,1,198.3295545578003
random,20,ae,cnn,5,32,"(8,)","(4,)",5,64,1,relu,0.5,0.001329663573236529,0.25,0.006699883358250417,20.0,1,1.0,59,random,889,880,0.5756038491059576,0.6155145395944219,0.6294482583254053,nan,nan,208,8,1,255.3720223903656
random,21,ae,cnn,8,3,"(128, 128)","(8, 16)",3,64,1,tanh,0.0,1.0181287381315942,0.5,0.0016225538328495952,20.0,1,0.1,48,random,1088,1056,1.0392885000288241,1.0516233991936554,7.860009602736408e-18,nan,nan,229,29,1,15.270645141601562
random,22,pod,linear,3,34,"(32, 32, 32)","(4,)",3,32,1,relu,0.2,3.7510589968002876e-06,0.5,0.009088160509276655,20.0,1,0.01,63,random,1227,1224,0.5988369622412837,0.6248896587483619,0.6250048348064057,nan,nan,329,129,1,14.311667919158936
random,23,pod,cnn,12,14,"(64, 64)","(4,)",15,128,1,tanh,0.3,0.012875954515480731,0.5,0.00956533566478751,20.0,1,0.1,47,random,1408,1392,0.9342926728263622,0.9474552607866306,0.5492224538062408,nan,nan,222,28,1,12.673463582992554
random,24,pod,gru,94,5,"(8,)","(8,)",3,16,1,relu,0.5,0.03699036634027742,0.0,0.0013079536889443696,20.0,1,1.0,23,random,3038,2848,1.0000011164416147,1.01010786097194,-0.02055444739676254,nan,nan,201,4,1,15.271235942840576
random,25,pod,gru,27,64,"(16,)","(16,)",5,16,2,relu,0.2,0.0012676621156653934,0.05,0.009815739502514513,20.0,1,1.0,16,random,3531,3120,0.7639343687264842,0.8194832901421476,0.5124260605782025,nan,nan,292,92,1,20.941041707992554
random,26,ae,linear,29,9,"(16, 16)","(16,)",15,16,2,relu,0.3,0.009934067571902733,0.1,0.0004016802661029077,20.0,1,0.01,8,random,3161,3132,0.6022696382834256,0.6224958309930895,0.6248742423124855,nan,nan,363,164,1,330.3869740962982
random,27,pod,linear,30,11,"(32, 32)","(8, 16)",3,64,1,tanh,0.1,0.8311217555260919,0.25,0.008918792996834811,20.0,1,0.1,35,random,3990,3960,0.9987645468750317,1.0085120772527187,0.41902143302502054,nan,nan,213,13,1,11.211447715759277
random,28,ae,mlp,20,55,"(8,)","(16,)",3,64,2,relu,0.5,0.012001405925179353,0.1,0.0027978935727281037,20.0,1,0.0,12,random,5468,5440,0.6236283541890824,0.656940712725261,0.6242739382052519,nan,nan,284,84,1,325.4491124153137
random,29,ae,gru,107,35,"(64, 64)","(32, 64)",5,32,1,gelu,0.2,0.08031220630429016,0.05,0.009874220125122908,20.0,1,0.3,27,random,7947,7648,0.847249545960657,0.8703482651917182,0.4166033667628131,nan,nan,203,3,1,706.5074918270111
random,30,pod,linear,25,29,"(16, 16)","(16,)",3,64,1,relu,0.1,1.8208914535865767e-06,0.1,0.001464137544840839,20.0,1,0.0,61,random,8725,8700,0.563914040400032,0.6047546173458906,0.6363634129658028,nan,nan,652,452,1,17.70820426940918
random,31,pod,cnn,101,27,"(8,)","(4,)",9,32,1,relu,0.5,1.6175350488255837,0.1,0.001503128309863426,20.0,1,0.01,2,random,11445,11340,1.000035921592381,1.0096289959737184,-0.021253303932275088,nan,nan,202,5,1,13.817418813705444
random,32,pod,gru,107,8,"(64,)","(16, 32)",5,32,2,relu,0.5,1.0309083825246444e-05,0.5,0.0031991184394465234,20.0,1,1.0,76,random,14283,11872,0.5717665654064931,0.6908266926777754,0.5656823546733364,nan,nan,295,95,1,22.532663106918335
random,33,ae,linear,16,62,"(32,)","(8,)",3,8,1,relu,0.2,0.621653287664932,0.5,0.0029837146779139547,20.0,1,0.01,74,random,11920,11904,0.645890472419231,0.6861034406294031,0.5859580799668319,nan,nan,290,90,1,366.1229314804077
random,34,ae,gru,17,91,"(32, 32, 32)","(4,)",5,64,1,relu,0.3,1.35032350507599e-05,0.5,0.016610847958712434,20.0,1,0.1,0,random,16081,15680,0.5605460179352034,0.654300783666853,0.6070830098539022,nan,nan,203,3,1,336.65775632858276
random,35,ae,linear,43,47,"(32, 32, 32)","(8, 16)",5,32,2,gelu,0.5,0.6966813687390129,0.0,0.00355077457981379,20.0,1,0.1,54,random,24295,24252,0.7020809041831628,0.7512423870144688,0.5456384767489446,nan,nan,270,70,1,417.5411171913147
random,36,ae,gru,48,6,"(8,)","(32, 64)",15,64,2,tanh,0.0,0.17874170631005848,0.05,0.024782568575858813,20.0,1,0.0,58,random,43056,32256,1.0140094619619573,1.0250048598366117,-0.165693479037137,nan,nan,201,1,1,376.4237594604492
random,37,pod,cnn,29,79,"(16, 16)","(8, 16)",3,16,2,gelu,0.0,0.023836591083212025,0.1,0.0026865756592962834,20.0,1,0.01,3,random,37381,37328,0.9999240027733902,1.0095194989892717,0.2229646669965654,nan,nan,201,1,1,13.237046480178833
random,38,ae,mlp,58,13,"(128, 128)","(16,)",5,64,2,tanh,0.1,0.00036787219621880676,0.0,0.017503923431643673,20.0,1,1.0,56,random,44090,43776,0.5510666716733174,0.6676596277563105,0.5979700109061061,nan,nan,211,11,1,452.9808609485626
random,0,pod,gru,17,3,"(32,)","(16, 32)",5,128,1,gelu,0.2,2.539361697126538,0.05,0.0067713403595146176,20.0,1,0.01,52,random,56721,55936,1.0000020847277005,1.009603055339916,0.011704592471259304,nan,nan,201,2,1,30.894871950149536
random,1,pod,mlp,3,88,"(64, 64)","(32, 64)",15,16,1,gelu,0.1,8.234952777860357e-05,0.0,0.028594465222036396,20.0,1,0.0,79,random,72003,71872,0.551323436151289,0.6328132333220166,0.615774312096487,nan,nan,232,32,1,11.08683180809021
random,2,ae,mlp,24,35,"(128, 128)","(8, 16)",9,16,1,gelu,0.5,0.00013726341101668788,0.0,0.011222740194053856,20.0,1,0.1,32,random,73496,73216,0.515499390727481,0.6182087373827595,0.6295055837927437,nan,nan,315,115,1,365.85437870025635
random,3,ae,cnn,53,89,"(8,)","(8, 16)",5,8,2,relu,0.5,0.024509473457905995,0.0,0.029781553710354198,20.0,1,0.1,17,random,76669,76592,0.6141719893869835,0.6820824489409415,0.580990574635695,nan,nan,273,73,1,458.59958839416504
random,4,pod,gru,9,64,"(32,)","(8, 16)",15,128,2,gelu,0.2,0.04127721172862796,0.5,0.0012662956091541915,20.0,1,0.1,22,random,154761,108672,0.9999943886786675,1.009623098294014,0.025943604187417542,nan,nan,201,1,1,18.358396291732788
random,5,ae,mlp,39,2,"(8,)","(32, 64)",5,32,1,tanh,0.1,1.196429012034459e-06,0.1,0.0006107142481242739,30.0,1,0.3,68,random,551,504,0.6379632739729327,0.6940822232957327,0.5648164660669113,nan,nan,469,269,1,463.20629835128784
random,6,ae,linear,18,3,"(32,)","(4,)",9,64,2,gelu,0.3,0.0008191722109903908,0.25,0.01415719286051411,30.0,1,1.0,53,random,666,648,0.6373906267409376,0.6925578692520966,0.5633357173138529,nan,nan,323,123,1,324.44775223731995
random,7,ae,cnn,14,6,"(64,)","(8,)",5,8,1,tanh,0.2,1.9933968675492386,0.5,0.007158428842473635,30.0,1,0.01,55,random,1174,1152,1.0767602467775388,1.0849688267083835,0.18981217219805427,nan,nan,202,2,1,383.74426674842834
random,8,ae,linear,10,13,"(16,)","(4,)",15,64,2,relu,0.2,0.007410690874599802,0.1,0.022226856565953048,30.0,1,0.1,9,random,1570,1560,0.5620482944267172,0.6038086159678371,0.6379737085395899,nan,nan,295,95,1,302.2620267868042
random,9,ae,linear,51,3,"(32,)","(8, 16)",9,8,1,tanh,0.2,5.300758402388016e-06,0.25,0.0032348929573171,30.0,1,0.01,57,random,1887,1836,0.6399873445320283,0.6933285568487214,0.5658581409453753,nan,nan,245,45,1,498.7585999965668
random,10,ae,linear,40,4,"(16, 16)","(8,)",3,128,2,tanh,0.2,0.004228471698293542,0.5,0.0007477027297849366,30.0,1,1.0,49,random,1960,1920,0.6429312139968647,0.6948246276805747,0.56220706466047,nan,nan,290,90,1,511.52736139297485
random,11,ae,linear,13,28,"(32, 32, 32)","(8,)",5,8,2,relu,0.0,0.0076439931783532054,0.5,0.007481538263182495,30.0,1,0.1,46,random,4381,4368,0.5757266782018272,0.6259023168950781,0.6202057464576695,nan,nan,314,114,1,386.6149408817291
random,12,pod,linear,5,80,"(32, 32)","(32, 64)",3,32,1,relu,0.0,0.00014799283248166626,0.1,0.00299585362878302,30.0,1,0.3,71,random,4805,4800,0.613397638963886,0.670043892291974,0.5905466277199051,nan,nan,450,250,1,17.876943588256836
random,13,ae,linear,75,6,"(16,)","(16, 32)",3,16,1,relu,0.0,0.1645542067760998,0.0,0.001154420253754417,30.0,1,0.1,21,random,5475,5400,0.6875480745322804,0.7395390304118339,0.53587222082006,nan,nan,227,27,1,621.2802774906158
random,14,pod,cnn,4,23,"(128, 128)","(16, 32)",9,64,2,gelu,0.1,0.002229970034250336,0.25,0.006574084217920039,30.0,1,0.0,64,random,9332,9280,0.5809996761266757,0.6258247102847541,0.6181513861938035,nan,nan,216,16,1,10.763622283935547
random,15,pod,gru,15,11,"(16,)","(16, 32)",15,128,2,relu,0.3,1.0409181049402658,0.5,0.000679996106812759,30.0,1,0.3,1,random,155535,109440,0.9999608081924722,1.0072924141609014,0.010332971126019965,nan,nan,201,1,1,16.290443897247314
random,16,pod,cnn,51,9,"(16,)","(8,)",5,8,2,tanh,0.0,0.00036845605289179595,0.1,0.00039324494462654724,40.0,1,0.0,50,random,4211,4152,0.6835691149237374,0.7173557382819573,0.5526080250469664,nan,nan,673,473,1,22.60652232170105
random,17,pod,linear,6,72,"(32, 32)","(16, 32)",9,64,1,tanh,0.1,0.9844057348433323,0.05,0.0024389606651737546,40.0,1,0.0,43,random,5190,5184,0.9981848131296445,1.005050688547118,0.24191048063307624,nan,nan,201,26,1,8.08193063735962
random,18,pod,gru,5,86,"(128, 128)","(8,)",5,32,2,relu,0.3,0.00022819225922176932,0.5,0.004567615937695018,40.0,1,1.0,73,random,10917,8608,0.6732661014188374,0.7618899652921003,0.4996427052943495,nan,nan,256,56,1,18.66510510444641
random,19,pod,gru,9,92,"(64,)","(16, 32)",15,32,2,gelu,0.5,0.005343486378569475,0.0,0.009177905467975651,40.0,1,0.3,78,random,11049,8736,0.9999991917306906,1.0065581261809662,0.1185317619115709,nan,nan,201,11,1,15.488312005996704
random,20,ae,gru,3,20,"(32, 32, 32)","(8,)",5,64,1,gelu,0.5,0.0003170345661981587,0.0,0.0014461151693646254,40.0,1,0.3,41,random,15171,14784,0.6188543888695838,0.6763184841920287,0.583657890313076,nan,nan,208,8,1,299.07401180267334
random,21,pod,gru,13,25,"(32, 32, 32)","(16,)",9,64,1,gelu,0.3,0.6178146715203022,0.0,0.01912387610308002,40.0,1,0.01,45,random,15821,15424,0.9999991592435676,1.0065554138783792,0.01036869811983585,nan,nan,201,14,1,13.710875988006592
random,22,ae,linear,23,58,"(128, 128)","(16,)",15,16,1,gelu,0.1,5.430554644141583e-05,0.05,0.0042986645227403785,40.0,1,0.1,44,random,16031,16008,0.5636611903676942,0.6686806892460961,0.5901260912096586,nan,nan,300,100,1,428.93211102485657
random,23,ae,gru,113,52,"(128, 128)","(16,)",3,64,2,gelu,0.3,0.12981749757892277,0.0,0.0004435168955308441,40.0,1,1.0,13,random,47281,36416,0.8640404197607032,0.8854140314099364,0.39591094765766266,nan,nan,300,100,1,933.8397500514984
random,24,ae,mlp,4,54,"(64,)","(8,)",9,16,1,relu,0.2,0.00392293332185668,0.05,0.0015771622898473818,40.0,1,1.0,67,random,41796,41728,0.5613733502780075,0.656431995712928,0.5932007681365842,nan,nan,230,30,1,175.06429386138916
random,25,pod,cnn,82,2,"(16,)","(32, 64)",15,32,1,gelu,0.0,6.874638547597602e-05,0.0,0.00391493577588449,40.0,1,0.1,36,random,47154,46976,0.629430486285733,0.7050932005216399,0.5492207040384994,nan,nan,245,45,1,15.89658498764038
random,26,ae,gru,2,4,"(32,)","(16,)",5,128,1,gelu,0.0,1.820212405407774,0.25,0.001855174893607709,40.0,1,1.0,42,random,54786,54016,0.9770313016767802,0.9939506805037817,0.38822503408110526,nan,nan,201,1,1,158.97809672355652
random,27,ae,mlp,3,2,"(8,)","(32, 64)",15,128,1,gelu,0.2,6.333493125224043e-05,0.25,0.0043933370043219185,60.0,1,0.3,39,random,227,216,0.7335156070069414,0.7744488768987379,0.49237691383680854,nan,nan,283,83,1,224.0267848968506
random,28,ae,gru,7,5,"(64, 64)","(8, 16)",5,8,2,gelu,0.3,1.0528624272950195e-06,0.05,0.005372173710013016,60.0,1,0.01,37,random,1023,1016,0.6793892715957963,0.735452818096188,0.5269685608401518,nan,nan,215,15,1,299.8027844429016
random,29,ae,cnn,3,23,"(64, 64)","(8,)",9,128,2,tanh,0.0,0.5798022816886659,0.1,0.0035805541209762465,60.0,1,0.3,19,random,1427,1416,0.6846750055508589,0.7167911189244539,0.5431455885317268,nan,nan,234,34,1,14.042184352874756
random,30,ae,linear,4,30,"(16,)","(8,)",9,64,1,relu,0.3,0.06158838876351342,0.05,0.0006967594486266693,60.0,1,0.01,10,random,1444,1440,0.6463857607005533,0.6817480020513612,0.5697118962469022,nan,nan,344,144,1,201.43068552017212
random,31,pod,linear,3,44,"(32,)","(8, 16)",5,16,1,relu,0.0,0.03424131728577552,0.0,0.0033929086477172245,60.0,1,0.3,7,random,1587,1584,0.9639044662334076,0.9724436873579418,0.33728416589779164,nan,nan,207,7,1,10.369880199432373
random,32,pod,mlp,2,2,"(32, 32)","(8, 16)",5,8,1,relu,0.5,3.848516058641325e-06,0.5,0.0018262018276165172,60.0,1,0.0,51,random,1922,1856,0.7788210310089011,0.8222756294609046,0.442084189321988,nan,nan,304,104,1,13.3553626537323
random,33,pod,cnn,4,13,"(128, 128)","(16,)",9,8,2,tanh,0.1,0.013644379714274981,0.25,0.002781151340805669,60.0,1,0.3,65,random,2580,2560,0.8750246039870704,0.8902464683025985,0.5048297052521206,nan,nan,237,37,1,12.950704097747803
random,34,pod,mlp,84,32,"(16, 16)","(32, 64)",9,128,2,tanh,0.0,0.03183990519979969,0.5,0.0006994595653355438,60.0,1,0.0,69,random,7860,7744,0.9991983334027623,1.00500470601038,0.11554718270825473,nan,nan,202,2,1,11.220457315444946
random,35,ae,linear,94,7,"(32,)","(4,)",3,8,1,gelu,0.1,4.20939261573452e-05,0.0,0.029367024992259363,60.0,1,0.1,24,random,7990,7896,0.6627005369920944,0.7014057856449969,0.5645935131738039,nan,nan,301,101,1,925.3173167705536
random,36,pod,gru,3,14,"(16, 16)","(8, 16)",15,32,2,tanh,0.1,6.941732835233273e-06,0.1,0.00036729617112098357,60.0,1,1.0,38,random,10851,8544,0.6726437899286993,0.7631134792643437,0.4941674868339073,nan,nan,817,617,1,47.65538024902344
random,37,ae,mlp,96,41,"(32,)","(16,)",5,64,1,tanh,0.1,0.03086463306043819,0.5,0.0013536919545601084,60.0,1,0.3,15,random,18944,18816,0.6833980986078263,0.7201597697926814,0.5362330055244188,nan,nan,264,64,1,864.5414154529572
random,38,pod,linear,34,72,"(8,)","(8,)",3,128,1,tanh,0.3,0.008830709141691203,0.5,0.0009847844886972396,60.0,1,0.0,33,random,29410,29376,0.9312325449387299,0.9478850513190651,0.33013609242964853,nan,nan,236,62,1,9.23253083229065
random,39,ae,mlp,51,76,"(32, 32)","(4,)",3,64,1,tanh,0.5,0.3368207809973834,0.1,0.0015602851297061543,60.0,1,0.3,31,random,31955,31840,1.0072044979409611,1.026621465131977,0.323023831863937,nan,nan,201,1,1,620.1395046710968
random,40,pod,cnn,19,13,"(64,)","(32, 64)",15,8,2,relu,0.5,0.02724302806644305,0.1,0.008589649577792706,60.0,1,0.0,25,random,52403,52288,0.9999986200835355,1.0058330922507464,0.1369793342109908,nan,nan,201,5,1,10.916014432907104
confirm,0,ae,linear,4,25,"(32, 32)","(16, 32)",5,32,1,tanh,0.0,0.0,0.0,0.003,,1,0.0,0,confirm,1204,1200,0.7030862421580398,0.7366080040996785,0.5205706256561509,0.7625769167452475,nan,281,81,1,191.5099093914032
confirm,1,ae,linear,4,25,"(32, 32)","(16, 32)",5,32,1,tanh,0.0,0.0,0.0,0.003,,1,0.0,1,confirm,1204,1200,0.7021037678916163,0.7350047006745976,0.5220936036767863,0.7627829894804137,nan,301,101,1,9.165682792663574
confirm,2,ae,linear,4,25,"(32, 32)","(16, 32)",5,32,1,tanh,0.0,0.0,0.0,0.003,,1,0.0,2,confirm,1204,1200,0.7020444925336338,0.73313256482195,0.5238576019040456,0.7616936851118031,nan,298,98,1,9.107288360595703
confirm,3,ae,linear,4,25,"(32, 32)","(16, 32)",5,32,1,tanh,0.0,0.0,0.0,0.003,,1,0.0,3,confirm,1204,1200,0.7021421637615576,0.7341358177457421,0.5228816116949472,0.762469687197686,nan,288,88,1,8.938111782073975
confirm,4,ae,linear,4,25,"(32, 32)","(16, 32)",5,32,1,tanh,0.0,0.0,0.0,0.003,,1,0.0,4,confirm,1204,1200,0.7031052874400422,0.7338629567212921,0.5231032420056124,0.7625863146388309,nan,278,78,1,8.756114482879639
confirm,5,ae,cnn,13,11,"(64, 64)","(8,)",5,128,1,tanh,0.1,1.5179991154943438e-05,0.05,0.026498857713783557,,1,0.0,0,confirm,1645,1624,0.6946454568924264,0.7476641585643204,0.5126274957935555,0.7823310335702371,nan,248,48,1,352.5145814418793
confirm,6,ae,cnn,13,11,"(64, 64)","(8,)",5,128,1,tanh,0.1,1.5179991154943438e-05,0.05,0.026498857713783557,,1,0.0,1,confirm,1645,1624,0.7021455941072369,0.7405704706103786,0.5207393696525433,0.774381795699433,nan,235,35,1,9.628154039382935
confirm,7,ae,cnn,13,11,"(64, 64)","(8,)",5,128,1,tanh,0.1,1.5179991154943438e-05,0.05,0.026498857713783557,,1,0.0,2,confirm,1645,1624,0.6940597684403877,0.7366399464463699,0.5227171048397171,0.7732737077404421,nan,253,67,1,10.090273141860962
confirm,8,ae,cnn,13,11,"(64, 64)","(8,)",5,128,1,tanh,0.1,1.5179991154943438e-05,0.05,0.026498857713783557,,1,0.0,3,confirm,1645,1624,0.6938871759765979,0.7417525647612682,0.5181242547178141,0.7762761560286128,nan,236,36,1,9.638573408126831
confirm,9,ae,cnn,13,11,"(64, 64)","(8,)",5,128,1,tanh,0.1,1.5179991154943438e-05,0.05,0.026498857713783557,,1,0.0,4,confirm,1645,1624,0.691037646159466,0.74087569370804,0.5182284206012979,0.7770054380548025,nan,249,49,1,9.986325979232788
confirm,10,ae,mlp,81,15,"(8,)","(8,)",5,128,2,relu,0.1,2.9826411180511094e-06,0.1,0.002176908315546747,,1,0.0,0,confirm,2177,2088,0.7013601100341209,0.7310239603478252,0.5299806440842713,0.7634598485280498,nan,304,104,1,975.2302811145782
confirm,11,ae,mlp,81,15,"(8,)","(8,)",5,128,2,relu,0.1,2.9826411180511094e-06,0.1,0.002176908315546747,,1,0.0,1,confirm,2177,2088,0.7016015233516085,0.7312112393921428,0.5297848735921098,0.7634426072090631,nan,297,97,1,11.126505613327026
confirm,12,ae,mlp,81,15,"(8,)","(8,)",5,128,2,relu,0.1,2.9826411180511094e-06,0.1,0.002176908315546747,,1,0.0,2,confirm,2177,2088,0.6992029530237822,0.7305379203849451,0.5307304589471369,0.761605081673443,nan,328,128,1,11.90856671333313
confirm,13,ae,mlp,81,15,"(8,)","(8,)",5,128,2,relu,0.1,2.9826411180511094e-06,0.1,0.002176908315546747,,1,0.0,3,confirm,2177,2088,0.7003070318868535,0.7306402680606647,0.5303156464362818,0.7631149801336733,nan,337,137,1,12.131255626678467
confirm,14,ae,mlp,81,15,"(8,)","(8,)",5,128,2,relu,0.1,2.9826411180511094e-06,0.1,0.002176908315546747,,1,0.0,4,confirm,2177,2088,0.7045835678948049,0.7348028483795572,0.5264984622806237,0.7657936729097469,nan,287,87,1,10.87883186340332
confirm,15,ae,linear,16,25,"(32, 32)","(16, 32)",5,32,1,tanh,0.0,0.0,0.0,0.003,,1,0.0,0,confirm,4816,4800,0.6888045024280014,0.7351286668406752,0.5219404439706019,0.770957471034486,nan,287,87,1,389.238543510437
confirm,16,ae,linear,16,25,"(32, 32)","(16, 32)",5,32,1,tanh,0.0,0.0,0.0,0.003,,1,0.0,1,confirm,4816,4800,0.6867471573306823,0.7341434797239248,0.5229438961251446,0.770150696622104,nan,321,121,1,9.572755813598633
confirm,17,ae,linear,16,25,"(32, 32)","(16, 32)",5,32,1,tanh,0.0,0.0,0.0,0.003,,1,0.0,2,confirm,4816,4800,0.6878312988158397,0.7341671684261752,0.5229738177252726,0.7704617873706708,nan,298,98,1,9.152500629425049
confirm,18,ae,linear,16,25,"(32, 32)","(16, 32)",5,32,1,tanh,0.0,0.0,0.0,0.003,,1,0.0,3,confirm,4816,4800,0.6872795974779267,0.7343616941608616,0.5227217323734954,0.7698299031004181,nan,335,135,1,9.828122854232788
confirm,19,ae,linear,16,25,"(32, 32)","(16, 32)",5,32,1,tanh,0.0,0.0,0.0,0.003,,1,0.0,4,confirm,4816,4800,0.6886943445666507,0.7349690319115068,0.5220797428656337,0.7709438882275391,nan,278,78,1,8.775918960571289
confirm,20,ae,linear,7,20,"(64,)","(16,)",3,32,1,tanh,0.2,1.100308587729934e-05,0.05,0.009313477976944387,20.0,1,0.0,0,confirm,1687,1680,0.5648262766785879,0.5952948205070807,0.6458051956830427,0.6408995866544566,0.7737715521239154,289,89,1,224.10533785820007
confirm,21,ae,linear,7,20,"(64,)","(16,)",3,32,1,tanh,0.2,1.100308587729934e-05,0.05,0.009313477976944387,20.0,1,0.0,1,confirm,1687,1680,0.5639534192248443,0.5944931680942808,0.6465794134773805,0.6420357154965958,0.7750519681163945,285,85,1,10.018095254898071
confirm,22,ae,linear,7,20,"(64,)","(16,)",3,32,1,tanh,0.2,1.100308587729934e-05,0.05,0.009313477976944387,20.0,1,0.0,2,confirm,1687,1680,0.5657233439976959,0.5957455500079992,0.6455667543857451,0.6439694947979144,0.7760194519759139,277,77,1,9.883410692214966
confirm,23,ae,linear,7,20,"(64,)","(16,)",3,32,1,tanh,0.2,1.100308587729934e-05,0.05,0.009313477976944387,20.0,1,0.0,3,confirm,1687,1680,0.5639168814124746,0.5940434794547822,0.6465511039432358,0.6424332934444228,0.7745589645740795,279,79,1,9.90435004234314
confirm,24,ae,linear,7,20,"(64,)","(16,)",3,32,1,tanh,0.2,1.100308587729934e-05,0.05,0.009313477976944387,20.0,1,0.0,4,confirm,1687,1680,0.5664827402982305,0.5955360195964703,0.6456646461254368,0.6424934838664107,0.7747586021015406,259,59,1,9.497414827346802
confirm,25,pod,linear,16,25,"(32, 32)","(16, 32)",5,32,1,tanh,0.0,0.0,0.0,0.003,20.0,1,0.0,0,confirm,4816,4800,0.5638466151771826,0.5969341736746934,0.6424481640375629,0.6440540750699926,0.7784928770675391,512,327,1,14.999148607254028
confirm,26,pod,linear,16,25,"(32, 32)","(16, 32)",5,32,1,tanh,0.0,0.0,0.0,0.003,20.0,1,0.0,1,confirm,4816,4800,0.5624450074689028,0.5956308817616335,0.6433848017071943,0.6431639745026017,0.7778710162701452,565,366,1,14.630513429641724
confirm,27,pod,linear,16,25,"(32, 32)","(16, 32)",5,32,1,tanh,0.0,0.0,0.0,0.003,20.0,1,0.0,2,confirm,4816,4800,0.5636210152153746,0.5968229217246261,0.6424738494763832,0.6441623859405248,0.7784686730448181,526,326,1,13.904320240020752
confirm,28,pod,linear,16,25,"(32, 32)","(16, 32)",5,32,1,tanh,0.0,0.0,0.0,0.003,20.0,1,0.0,3,confirm,4816,4800,0.5651341486317161,0.5984654306418246,0.6413393660173566,0.6451165965360027,0.7792729539752394,470,270,1,12.881943464279175
confirm,29,pod,linear,16,25,"(32, 32)","(16, 32)",5,32,1,tanh,0.0,0.0,0.0,0.003,20.0,1,0.0,4,confirm,4816,4800,0.5637127087956956,0.597108925693313,0.6422594111213128,0.643914935178024,0.778403818093624,535,335,1,14.08232831954956
confirm,30,pod,linear,16,25,"(32, 32)","(16, 32)",5,32,1,tanh,0.0,0.0,0.0,0.003,20.0,1,0.0,0,confirm,4816,4800,0.5638466151771826,0.5969341736746934,0.6424481640375629,0.6440540750699926,0.7784928770675391,512,327,1,13.654023885726929
confirm,31,pod,linear,16,25,"(32, 32)","(16, 32)",5,32,1,tanh,0.0,0.0,0.0,0.003,20.0,1,0.0,1,confirm,4816,4800,0.5624450074689028,0.5956308817616335,0.6433848017071943,0.6431639745026017,0.7778710162701452,565,366,1,14.62056851387024
confirm,32,pod,linear,16,25,"(32, 32)","(16, 32)",5,32,1,tanh,0.0,0.0,0.0,0.003,20.0,1,0.0,2,confirm,4816,4800,0.5636210152153746,0.5968229217246261,0.6424738494763832,0.6441623859405248,0.7784686730448181,526,326,1,13.921955585479736
confirm,33,pod,linear,16,25,"(32, 32)","(16, 32)",5,32,1,tanh,0.0,0.0,0.0,0.003,20.0,1,0.0,3,confirm,4816,4800,0.5651341486317161,0.5984654306418246,0.6413393660173566,0.6451165965360027,0.7792729539752394,470,270,1,12.876178503036499
confirm,34,pod,linear,16,25,"(32, 32)","(16, 32)",5,32,1,tanh,0.0,0.0,0.0,0.003,20.0,1,0.0,4,confirm,4816,4800,0.5637127087956956,0.597108925693313,0.6422594111213128,0.643914935178024,0.778403818093624,535,335,1,14.085004091262817
confirm,35,pod,mlp,26,20,"(64, 64)","(4,)",9,32,2,relu,0.1,3.7226063676209337e-06,0.25,0.000653187100767541,20.0,1,0.0,0,confirm,21274,21120,0.5429415695340835,0.5858014053713857,0.6510106974590184,0.629512997661375,0.7717493695555835,310,110,1,15.015982389450073
confirm,36,pod,mlp,26,20,"(64, 64)","(4,)",9,32,2,relu,0.1,3.7226063676209337e-06,0.25,0.000653187100767541,20.0,1,0.0,1,confirm,21274,21120,0.5356597277912708,0.5838162209087204,0.6520959308800477,0.6281667267438585,0.7709080017498885,380,180,1,15.669211864471436
confirm,37,pod,mlp,26,20,"(64, 64)","(4,)",9,32,2,relu,0.1,3.7226063676209337e-06,0.25,0.000653187100767541,20.0,1,0.0,2,confirm,21274,21120,0.544033685882296,0.5881222499098122,0.6490244505091544,0.632119374593085,0.7729047673712577,344,144,1,14.597797632217407
confirm,38,pod,mlp,26,20,"(64, 64)","(4,)",9,32,2,relu,0.1,3.7226063676209337e-06,0.25,0.000653187100767541,20.0,1,0.0,3,confirm,21274,21120,0.5372727149285489,0.5845941012605052,0.6517461738994639,0.6297919451301593,0.7718373758182099,358,158,1,15.023437023162842
confirm,39,pod,mlp,26,20,"(64, 64)","(4,)",9,32,2,relu,0.1,3.7226063676209337e-06,0.25,0.000653187100767541,20.0,1,0.0,4,confirm,21274,21120,0.549190130571782,0.5933440688709788,0.6451353779914413,0.6329902643351499,0.7736131176615176,294,94,1,13.088098049163818
confirm,40,ae,linear,10,13,"(16,)","(4,)",15,64,2,relu,0.2,0.007410690874599802,0.1,0.022226856565953048,30.0,1,0.0,0,confirm,1570,1560,0.5642338898940698,0.6068105775194917,0.6361622990960656,0.6426844076003969,0.7624234967799415,309,109,1,298.0960829257965
confirm,41,ae,linear,10,13,"(16,)","(4,)",15,64,2,relu,0.2,0.007410690874599802,0.1,0.022226856565953048,30.0,1,0.0,1,confirm,1570,1560,0.5630431677718615,0.6038687051107378,0.6381881589374407,0.6423021276591108,0.7621995286133081,301,101,1,10.305289506912231
confirm,42,ae,linear,10,13,"(16,)","(4,)",15,64,2,relu,0.2,0.007410690874599802,0.1,0.022226856565953048,30.0,1,0.0,2,confirm,1570,1560,0.5639194479173747,0.6074790205170508,0.6353311401288191,0.6445531613286412,0.763653125142281,299,99,1,10.264441967010498
confirm,43,ae,linear,10,13,"(16,)","(4,)",15,64,2,relu,0.2,0.007410690874599802,0.1,0.022226856565953048,30.0,1,0.0,3,confirm,1570,1560,0.5633880977361838,0.6059047445572566,0.6366843115961455,0.6420111872115304,0.7619519672491997,281,81,1,9.910672426223755
confirm,44,ae,linear,10,13,"(16,)","(4,)",15,64,2,relu,0.2,0.007410690874599802,0.1,0.022226856565953048,30.0,1,0.0,4,confirm,1570,1560,0.5627365503997257,0.6056073974158631,0.6368699246855898,0.6427979139068861,0.7625134137999605,322,122,1,10.7205331325531
confirm,45,ae,linear,6,22,"(128, 128)","(16, 32)",15,8,1,relu,0.1,0.0034939360367947023,0.1,0.003533491750481127,30.0,1,0.0,0,confirm,1590,1584,0.5598362491302828,0.6042349973298113,0.6384456473183313,0.6396307353563991,0.7606210039649753,292,92,1,213.2385392189026
confirm,46,ae,linear,6,22,"(128, 128)","(16, 32)",15,8,1,relu,0.1,0.0034939360367947023,0.1,0.003533491750481127,30.0,1,0.0,1,confirm,1590,1584,0.5610559097397472,0.6067095284411371,0.6366356542753022,0.6406347588554308,0.7613612544285722,296,96,1,10.23694896697998
confirm,47,ae,linear,6,22,"(128, 128)","(16, 32)",15,8,1,relu,0.1,0.0034939360367947023,0.1,0.003533491750481127,30.0,1,0.0,2,confirm,1590,1584,0.5611668538268697,0.6073653742872795,0.6361982583922782,0.6410036333877785,0.7615981625223466,294,94,1,10.19493818283081
confirm,48,ae,linear,6,22,"(128, 128)","(16, 32)",15,8,1,relu,0.1,0.0034939360367947023,0.1,0.003533491750481127,30.0,1,0.0,3,confirm,1590,1584,0.5609823526693187,0.606389692471029,0.637109485695947,0.6412228573405764,0.7617798920734484,268,68,1,9.679730892181396
confirm,49,ae,linear,6,22,"(128, 128)","(16, 32)",15,8,1,relu,0.1,0.0034939360367947023,0.1,0.003533491750481127,30.0,1,0.0,4,confirm,1590,1584,0.5609547433016511,0.6045880526119077,0.6382931792992534,0.6403515972363149,0.761143461163665,287,87,1,10.058179378509521
confirm,50,pod,linear,16,25,"(32, 32)","(16, 32)",5,32,1,tanh,0.0,0.0,0.0,0.003,30.0,1,0.0,0,confirm,4816,4800,0.560317677873443,0.6096333069201618,0.6301270209032842,0.6485873025682138,0.7701082514280773,638,444,1,17.284621238708496
confirm,51,pod,linear,16,25,"(32, 32)","(16, 32)",5,32,1,tanh,0.0,0.0,0.0,0.003,30.0,1,0.0,1,confirm,4816,4800,0.5592073212434284,0.6088960499348592,0.6306734470045547,0.6477119383218994,0.76949429468431,582,382,1,14.929583072662354
confirm,52,pod,linear,16,25,"(32, 32)","(16, 32)",5,32,1,tanh,0.0,0.0,0.0,0.003,30.0,1,0.0,2,confirm,4816,4800,0.5596407811049807,0.6091919513768668,0.6304491715401583,0.6480656827618949,0.7697384801495246,571,371,1,14.748158931732178
confirm,53,pod,linear,16,25,"(32, 32)","(16, 32)",5,32,1,tanh,0.0,0.0,0.0,0.003,30.0,1,0.0,3,confirm,4816,4800,0.558735402232307,0.6085092583187097,0.6309738480026352,0.6475188676865452,0.7693494501097669,621,422,1,15.663011312484741
confirm,54,pod,linear,16,25,"(32, 32)","(16, 32)",5,32,1,tanh,0.0,0.0,0.0,0.003,30.0,1,0.0,4,confirm,4816,4800,0.5598395067902106,0.6091874738864278,0.6304602460773684,0.6481207060079067,0.7697858156927013,590,390,1,15.083004474639893
confirm,55,pod,mlp,26,30,"(32,)","(8, 16)",15,64,2,relu,0.2,7.2017279832069e-05,0.1,0.0008618359276505609,30.0,1,0.0,0,confirm,12410,12352,0.551588280969381,0.6064198398175735,0.634243381251067,0.640699739008213,0.7646004738803706,470,270,1,17.532122373580933
confirm,56,pod,mlp,26,30,"(32,)","(8, 16)",15,64,2,relu,0.2,7.2017279832069e-05,0.1,0.0008618359276505609,30.0,1,0.0,1,confirm,12410,12352,0.556552549414225,0.6088891309109352,0.6326512225529665,0.6428859436874251,0.7661300304455324,449,267,1,15.548081874847412
confirm,57,pod,mlp,26,30,"(32,)","(8, 16)",15,64,2,relu,0.2,7.2017279832069e-05,0.1,0.0008618359276505609,30.0,1,0.0,2,confirm,12410,12352,0.548945185892906,0.6033036003340451,0.6369034330095011,0.6387150764021355,0.7633316138903382,486,340,1,16.48462414741516
confirm,58,pod,mlp,26,30,"(32,)","(8, 16)",15,64,2,relu,0.2,7.2017279832069e-05,0.1,0.0008618359276505609,30.0,1,0.0,3,confirm,12410,12352,0.5534475612768727,0.6071933690245247,0.6338675997249306,0.6408588198747348,0.7647171132897624,432,270,1,15.11683201789856
confirm,59,pod,mlp,26,30,"(32,)","(8, 16)",15,64,2,relu,0.2,7.2017279832069e-05,0.1,0.0008618359276505609,30.0,1,0.0,4,confirm,12410,12352,0.5521565456250765,0.6061182402949482,0.6345878627183473,0.6415973767500317,0.7652173372908702,453,253,1,15.650084257125854
confirm,60,ae,linear,4,21,"(16,)","(4,)",3,8,2,gelu,0.1,0.0008288781135278638,0.0,0.002845236693247051,40.0,1,0.0,0,confirm,1012,1008,0.599435668257873,0.6385933407617932,0.609895233511095,0.6718845196617483,0.7610522441052655,324,124,1,171.1844048500061
confirm,61,ae,linear,4,21,"(16,)","(4,)",3,8,2,gelu,0.1,0.0008288781135278638,0.0,0.002845236693247051,40.0,1,0.0,1,confirm,1012,1008,0.5995876981976337,0.6392458920298636,0.6092648518042031,0.6726446032015958,0.7615813415762541,301,101,1,10.02713131904602
confirm,62,ae,linear,4,21,"(16,)","(4,)",3,8,2,gelu,0.1,0.0008288781135278638,0.0,0.002845236693247051,40.0,1,0.0,2,confirm,1012,1008,0.599467059678091,0.6381097477309398,0.6102317639660761,0.6713584200037951,0.7606551092905717,318,118,1,10.35775351524353
confirm,63,ae,linear,4,21,"(16,)","(4,)",3,8,2,gelu,0.1,0.0008288781135278638,0.0,0.002845236693247051,40.0,1,0.0,3,confirm,1012,1008,0.6015379002243001,0.6434648090941334,0.6055459493437627,0.6750230129504494,0.763324837272848,273,73,1,9.512713432312012
confirm,64,ae,linear,4,21,"(16,)","(4,)",3,8,2,gelu,0.1,0.0008288781135278638,0.0,0.002845236693247051,40.0,1,0.0,4,confirm,1012,1008,0.6006448167430771,0.6391227274425432,0.6090649248979895,0.6739789153618094,0.762553703563745,278,78,1,9.597248554229736
confirm,65,ae,linear,16,25,"(32, 32)","(16, 32)",5,32,1,tanh,0.0,0.0,0.0,0.003,40.0,1,0.0,0,confirm,4816,4800,0.5827009416081395,0.642181120212027,0.606482456344525,0.6855498153691774,0.770549177609669,287,87,1,360.9218258857727
confirm,66,ae,linear,16,25,"(32, 32)","(16, 32)",5,32,1,tanh,0.0,0.0,0.0,0.003,40.0,1,0.0,1,confirm,4816,4800,0.5821232511494879,0.63998977638517,0.6081396994551236,0.6840198145616653,0.7694025008532425,272,72,1,9.404303312301636
confirm,67,ae,linear,16,25,"(32, 32)","(16, 32)",5,32,1,tanh,0.0,0.0,0.0,0.003,40.0,1,0.0,2,confirm,4816,4800,0.5829044412905444,0.6412520528264412,0.6072195919203411,0.6840045246923823,0.7694349166832132,272,72,1,9.413066387176514
confirm,68,ae,linear,16,25,"(32, 32)","(16, 32)",5,32,1,tanh,0.0,0.0,0.0,0.003,40.0,1,0.0,3,confirm,4816,4800,0.5790570397888464,0.6380487693767426,0.6098313767519009,0.6824821989545349,0.7682672635914233,342,142,1,10.69950246810913
confirm,69,ae,linear,16,25,"(32, 32)","(16, 32)",5,32,1,tanh,0.0,0.0,0.0,0.003,40.0,1,0.0,4,confirm,4816,4800,0.5787629569809636,0.6389181745208454,0.6091409612759362,0.6828549738272532,0.7685004741616344,313,113,1,10.16281771659851
confirm,70,pod,mlp,17,11,"(64,)","(8, 16)",9,8,2,gelu,0.5,6.931151606023426e-05,0.05,0.007405480591413756,40.0,1,0.0,0,confirm,9617,9536,0.6007984861151824,0.6385584829808828,0.6118819120187433,0.677061797665134,0.7657046194657873,331,131,1,13.85059380531311
confirm,71,pod,mlp,17,11,"(64,)","(8, 16)",9,8,2,gelu,0.5,6.931151606023426e-05,0.05,0.007405480591413756,40.0,1,0.0,1,confirm,9617,9536,0.6029980487685229,0.6405931315367211,0.6103827855191192,0.679334769009268,0.7673855335938324,292,112,1,11.51365041732788
confirm,72,pod,mlp,17,11,"(64,)","(8, 16)",9,8,2,gelu,0.5,6.931151606023426e-05,0.05,0.007405480591413756,40.0,1,0.0,2,confirm,9617,9536,0.6014676198832735,0.6378851818723399,0.6121143036454006,0.677408637749734,0.7659456926228543,319,119,1,12.181817293167114
confirm,73,pod,mlp,17,11,"(64,)","(8, 16)",9,8,2,gelu,0.5,6.931151606023426e-05,0.05,0.007405480591413756,40.0,1,0.0,3,confirm,9617,9536,0.603919835964557,0.6404425515772368,0.609757615024462,0.6784765924475771,0.76673290956563,323,124,1,12.290219068527222
confirm,74,pod,mlp,17,11,"(64,)","(8, 16)",9,8,2,gelu,0.5,6.931151606023426e-05,0.05,0.007405480591413756,40.0,1,0.0,4,confirm,9617,9536,0.6009530815389056,0.6374946762547518,0.6121415748715642,0.6772473197336648,0.765832711316334,336,136,1,12.616581439971924
confirm,75,pod,mlp,47,55,"(64, 64)","(16, 32)",3,32,2,gelu,0.2,0.000129058421603706,0.1,0.014703049408064411,40.0,1,0.0,0,confirm,49519,49344,0.5458027059660839,0.6473586736247688,0.5986712770466934,0.6769164502214701,0.7652517248493179,257,57,1,13.855331182479858
confirm,76,pod,mlp,47,55,"(64, 64)","(16, 32)",3,32,2,gelu,0.2,0.000129058421603706,0.1,0.014703049408064411,40.0,1,0.0,1,confirm,49519,49344,0.5427169663512464,0.6454975837840559,0.6004517526419108,0.6751674570912449,0.7640175692564347,260,60,1,12.141783952713013
confirm,77,pod,mlp,47,55,"(64, 64)","(16, 32)",3,32,2,gelu,0.2,0.000129058421603706,0.1,0.014703049408064411,40.0,1,0.0,2,confirm,49519,49344,0.528125663154598,0.6391124804428537,0.6056663065479354,0.6750334838565403,0.7638940795360509,298,98,1,13.292459487915039
confirm,78,pod,mlp,47,55,"(64, 64)","(16, 32)",3,32,2,gelu,0.2,0.000129058421603706,0.1,0.014703049408064411,40.0,1,0.0,3,confirm,49519,49344,0.5397821786426126,0.6431772471675304,0.6029051380751819,0.6745576018449234,0.7635928184460617,260,60,1,12.127871036529541
confirm,79,pod,mlp,47,55,"(64, 64)","(16, 32)",3,32,2,gelu,0.2,0.000129058421603706,0.1,0.014703049408064411,40.0,1,0.0,4,confirm,49519,49344,0.5305171943453281,0.6429776306822629,0.6030856106182279,0.6780882077439929,0.766095127051226,282,82,1,12.807080745697021
confirm,80,ae,linear,4,30,"(16,)","(8,)",9,64,1,relu,0.3,0.06158838876351342,0.05,0.0006967594486266693,60.0,1,0.0,0,confirm,1444,1440,0.6465388302975951,0.6812527829990647,0.5701975712738055,0.7166606255307555,0.7671420714820607,336,136,1,192.7949674129486
confirm,81,ae,linear,4,30,"(16,)","(8,)",9,64,1,relu,0.3,0.06158838876351342,0.05,0.0006967594486266693,60.0,1,0.0,1,confirm,1444,1440,0.6470099977957169,0.682539171211077,0.5688777631734098,0.7192732464600975,0.7692843384819498,331,131,1,10.93813967704773
confirm,82,ae,linear,4,30,"(16,)","(8,)",9,64,1,relu,0.3,0.06158838876351342,0.05,0.0006967594486266693,60.0,1,0.0,2,confirm,1444,1440,0.6463205041493296,0.6815932789552357,0.5698559904767612,0.7163978668705915,0.7669226811430978,353,153,1,11.368821859359741
confirm,83,ae,linear,4,30,"(16,)","(8,)",9,64,1,relu,0.3,0.06158838876351342,0.05,0.0006967594486266693,60.0,1,0.0,3,confirm,1444,1440,0.6470780532805765,0.6830115816515113,0.5687492671506564,0.7163069265474932,0.7668505172663826,349,149,1,11.292714357376099
confirm,84,ae,linear,4,30,"(16,)","(8,)",9,64,1,relu,0.3,0.06158838876351342,0.05,0.0006967594486266693,60.0,1,0.0,4,confirm,1444,1440,0.646572583265769,0.6833780426434267,0.5684054895610964,0.7170189833458503,0.7674303614450667,325,125,1,10.810136556625366
confirm,85,ae,mlp,7,22,"(8,)","(8,)",9,128,1,gelu,0.1,2.2599828861731788e-05,0.0,0.004010214668688028,60.0,1,0.0,0,confirm,2183,2168,0.6260400502329205,0.6702342545968729,0.5823923097400282,0.707073311829046,0.7592461023276956,312,112,1,288.15639090538025
confirm,86,ae,mlp,7,22,"(8,)","(8,)",9,128,1,gelu,0.1,2.2599828861731788e-05,0.0,0.004010214668688028,60.0,1,0.0,1,confirm,2183,2168,0.6280395731237965,0.673646190207908,0.5805946863227838,0.7070094541087186,0.759210837554037,290,90,1,11.397050380706787
confirm,87,ae,mlp,7,22,"(8,)","(8,)",9,128,1,gelu,0.1,2.2599828861731788e-05,0.0,0.004010214668688028,60.0,1,0.0,2,confirm,2183,2168,0.6250812795265029,0.6710896584575303,0.5817270125831797,0.7071158465452664,0.7592365418683185,303,103,1,11.697655439376831
confirm,88,ae,mlp,7,22,"(8,)","(8,)",9,128,1,gelu,0.1,2.2599828861731788e-05,0.0,0.004010214668688028,60.0,1,0.0,3,confirm,2183,2168,0.6235647398165739,0.6717617172406526,0.5813683250162685,0.7042715587805436,0.7569696065585139,317,117,1,12.046496152877808
confirm,89,ae,mlp,7,22,"(8,)","(8,)",9,128,1,gelu,0.1,2.2599828861731788e-05,0.0,0.004010214668688028,60.0,1,0.0,4,confirm,2183,2168,0.6232523620649635,0.6736587887339721,0.5794900692553393,0.7065377116594,0.7587805245602108,349,149,1,12.813406229019165
confirm,90,ae,linear,16,25,"(32, 32)","(16, 32)",5,32,1,tanh,0.0,0.0,0.0,0.003,60.0,1,0.0,0,confirm,4816,4800,0.6280140823482159,0.6824533440365351,0.5728700018430128,0.7242728321852689,0.7733319315757948,287,87,1,353.03736782073975
confirm,91,ae,linear,16,25,"(32, 32)","(16, 32)",5,32,1,tanh,0.0,0.0,0.0,0.003,60.0,1,0.0,1,confirm,4816,4800,0.6251446927652894,0.6795066237893218,0.5752408748249171,0.7218818203518258,0.771337095406674,321,121,1,10.287518978118896
confirm,92,ae,linear,16,25,"(32, 32)","(16, 32)",5,32,1,tanh,0.0,0.0,0.0,0.003,60.0,1,0.0,2,confirm,4816,4800,0.6239202641483351,0.6794030112337465,0.575419975688609,0.7215556926760036,0.7710735693361361,330,130,1,10.441622257232666
confirm,93,ae,linear,16,25,"(32, 32)","(16, 32)",5,32,1,tanh,0.0,0.0,0.0,0.003,60.0,1,0.0,3,confirm,4816,4800,0.6281762592263493,0.6806892238164959,0.5740168251629956,0.7227963992733943,0.772100687543002,272,72,1,9.375242710113525
confirm,94,ae,linear,16,25,"(32, 32)","(16, 32)",5,32,1,tanh,0.0,0.0,0.0,0.003,60.0,1,0.0,4,confirm,4816,4800,0.6274328918894566,0.6806534377369364,0.5742031162994654,0.7230607819138644,0.7723180838371286,278,78,1,9.495681285858154
confirm,95,ae,linear,36,15,"(32, 32)","(8, 16)",5,8,1,gelu,0.5,2.0100993721896257e-05,0.0,0.009856732687213411,60.0,1,0.0,0,confirm,6516,6480,0.6315024937547449,0.677129147210541,0.5788647566607587,0.725854231599628,0.7745979505885894,307,107,1,522.9878244400024
confirm,96,ae,linear,36,15,"(32, 32)","(8, 16)",5,8,1,gelu,0.5,2.0100993721896257e-05,0.0,0.009856732687213411,60.0,1,0.0,1,confirm,6516,6480,0.6311236773749902,0.6780433741559001,0.577927058597676,0.7248684540079482,0.7737905678602477,343,143,1,10.75607705116272
confirm,97,ae,linear,36,15,"(32, 32)","(8, 16)",5,8,1,gelu,0.5,2.0100993721896257e-05,0.0,0.009856732687213411,60.0,1,0.0,2,confirm,6516,6480,0.6321509033130156,0.6789416360979105,0.5771605722870505,0.7256488451280846,0.77444180871662,323,123,1,10.39539098739624
confirm,98,ae,linear,36,15,"(32, 32)","(8, 16)",5,8,1,gelu,0.5,2.0100993721896257e-05,0.0,0.009856732687213411,60.0,1,0.0,3,confirm,6516,6480,0.6321189461126381,0.6780686875031444,0.5778685146225712,0.7254295517071592,0.7742503329256543,284,84,1,9.664734125137329
confirm,99,ae,linear,36,15,"(32, 32)","(8, 16)",5,8,1,gelu,0.5,2.0100993721896257e-05,0.0,0.009856732687213411,60.0,1,0.0,4,confirm,6516,6480,0.6317612656893196,0.6787766811863064,0.5773115926728618,0.7252419829103735,0.7741076310570727,294,94,1,9.846490144729614
